ID,Match Number,Round,Date,Start Time,End Time,Venue,Venue State,Pitch,Home Club,Home Team,Home Score,Away Club,Away Team,Away Score,Status,Age,Gender,Division,Broadcaster,Time Slot ID,Host
8994342,48,1,10/29/2022, 8:00AM, 9:00AM,Morgan Hill Outdoor Sports Complex (No Dogs),CA,S1-7,Scotts Valley San Lorenzo Valley Youth Soccer Club,Scotts Valley San Lorenzo Valley Youth Soccer Club Valley United 13B Maroon,0,OV Toros FC,OV Toros FC OV Toros FC 2013B Red 2,7,,U10,Male,u10 M Goblins,,,
8994316,22,1,10/29/2022, 8:00AM, 9:00AM,Morgan Hill Outdoor Sports Complex (No Dogs),CA,S2-7,Almaden FC,Almaden FC Almaden FC Mercury B14 Green,2,San Juan South Soccer Club,San Juan South Soccer Club San Juan South SC 2014 Boys,0,,U09,Male,u9 M Trolls,,,
8994701,227,1,10/29/2022, 8:00AM, 9:15AM,Morgan Hill Outdoor Sports Complex (No Dogs),CA,Football Turf,Merced United FC,Merced United FC Merced United FC 10G Barrios,1,San Juan South Soccer Club,San Juan South Soccer Club San Juan South SC 2010 Elite,3,,U13,Female,u13 F Black widows,,,
8994446,140,1,10/29/2022, 8:00AM, 9:15AM,Morgan Hill Outdoor Sports Complex (No Dogs),CA,N1-11,Central Valley San Jose SC,Central Valley San Jose SC CVSJ 10B Ducks,1,Almaden FC,Almaden FC Almaden FC Mercury B10 Black,2,,U13,Male,u13 M Nightwalkers,,,
8994447,141,1,10/29/2022, 8:00AM, 9:15AM,Morgan Hill Outdoor Sports Complex (No Dogs),CA,Soccer Turf,Santa Cruz City Soccer Club,Santa Cruz City Soccer Club SANTA CRUZ SHARKS 10 BLUE,1,San Juan South Soccer Club,San Juan South Soccer Club San Juan South SC 2010 Boys Elite,5,,U13,Male,u13 M Nightwalkers,,,
8994326,32,1,10/29/2022, 8:00AM, 9:00AM,Morgan Hill Outdoor Sports Complex (No Dogs),CA,S10-7,OV Toros FC,OV Toros FC OV Toros FC 2014G White,2,OV Toros FC,OV Toros FC OV Toros FC 2014G Gray,2,,U09,Female,u9 F Serpents,,,
8994453,147,1,10/29/2022, 8:00AM, 9:15AM,Morgan Hill Outdoor Sports Complex (No Dogs),CA,N2-11,Almaden FC,Almaden FC Almaden FC- Mercury 09B White,2,North Valley Youth Soccer League,North Valley Youth Soccer League NVYSL 09B White,2,,U14,Male,u14 M Warlocks,,,
8994657,183,1,10/29/2022, 8:00AM, 9:05AM,Morgan Hill Outdoor Sports Complex (No Dogs),CA,S8-9,Almaden FC,Almaden FC Almaden FC Quicksilver 12G Black,6,Los Gatos United Soccer League,Los Gatos United Soccer League Los Gatos United 2012G III,0,,U11,Female,u11F Specters,,,
8994567,176,1,10/29/2022, 8:00AM, 9:05AM,Morgan Hill Outdoor Sports Complex (No Dogs),CA,S3-9,Infinity Sports Club,Infinity Sports Club 2012G Infinity,0,Hollister Tremors,Hollister Tremors Hollister Tremors 2012G Team B,5,,U11,Female,u11 F Medusas,,,
8994401,107,1,10/29/2022, 8:00AM, 9:05AM,Morgan Hill Outdoor Sports Complex (No Dogs),CA,S7-9,Central Valley San Jose SC,Central Valley San Jose SC CVSJ 11B Dynamos,2,Sunnyvale Alliance SC,Sunnyvale Alliance SC Sunnyvale Alliance SC 11B White,3,,U12,Male,u12 M Werewolves,,,
8994402,108,1,10/29/2022, 8:00AM, 9:05AM,Morgan Hill Outdoor Sports Complex (No Dogs),CA,S6-9,Los Gatos United Soccer League,Los Gatos United Soccer League Los Gatos United 2011B V,3,OV Toros FC,OV Toros FC OV Toros FC 2011B Red1,2,,U12,Male,u12 M Werewolves,,,
8994403,109,1,10/29/2022, 8:00AM, 9:05AM,Morgan Hill Outdoor Sports Complex (No Dogs),CA,S4-9,Hollister Tremors,Hollister Tremors Hollister Tremors 2011B,1,Santa Cruz County Breakers,Santa Cruz County Breakers 2011B Blue,2,,U12,Male,u12 M Werewolves,,,
8994386,92,1,10/29/2022, 8:00AM, 9:05AM,Morgan Hill Outdoor Sports Complex (No Dogs),CA,S5-9,Almaden FC,Almaden FC Almaden FC Mercury 11B Yellow,0,PAC San Jose,PAC San Jose PAC † SAN JOSE™ 2011 ATLAS,8,,U12,Male,u12 M Corpses,,,
8994724,250,1,10/29/2022, 8:00AM, 9:15AM,Morgan Hill Outdoor Sports Complex (No Dogs),CA,S9-11,San Juan South Soccer Club,San Juan South Soccer Club San Juan South SC 2009 White,3,OV Toros FC,OV Toros FC OV Toros FC 2008G Black,0,,U15,Female,u15 F Spirits,,,
8994343,49,1,10/29/2022, 9:00AM,10:00AM,Morgan Hill Outdoor Sports Complex (No Dogs),CA,S2-7,Santa Clara Youth Soccer League,Santa Clara Youth Soccer League SC LIONS 2013B BLACK,4,North Valley Youth Soccer League,North Valley Youth Soccer League NVYSL 13B Ninjas,2,,U10,Male,u10 M Goblins,,,
8994344,50,1,10/29/2022, 9:00AM,10:00AM,Morgan Hill Outdoor Sports Complex (No Dogs),CA,S12-7,Milpitas Youth Soccer League,Milpitas Youth Soccer League FC Milpitas Thunder 13,0,Hollister Tremors,Hollister Tremors Hollister Tremors 2013B,0,,U10,Male,u10 M Goblins,,,
8994351,57,1,10/29/2022, 9:00AM,10:00AM,Morgan Hill Outdoor Sports Complex (No Dogs),CA,S10-7,OV Toros FC,OV Toros FC OV Toros FC 2013B Red 1,8,Santa Cruz County Breakers,Santa Cruz County Breakers Santa Cruz Breakers 2013B Gray,0,,U10,Male,u10 M Wraiths,,,
8994298,4,1,10/29/2022, 9:00AM,10:00AM,Morgan Hill Outdoor Sports Complex (No Dogs),CA,S1-7,OV Toros FC,OV Toros FC OV Toros FC 2014B Navy,2,OV Toros FC,OV Toros FC OV Toros FC 2014B White,1,,U09,Male,u9 M Mutants,,,
8994675,201,1,10/29/2022, 9:05AM,10:10AM,Morgan Hill Outdoor Sports Complex (No Dogs),CA,S6-9,Infinity Sports Club,Infinity Sports Club 2011G Infinity,1,Central Valley San Jose SC,Central Valley San Jose SC CVSJ 11G Strikers,1,,U12,Female,u12 F Poltergeists,,,
8994666,192,1,10/29/2022, 9:05AM,10:10AM,Morgan Hill Outdoor Sports Complex (No Dogs),CA,S8-9,Tulare Force,Tulare Force Tulare Force 12 Girls,0,Woodside Soccer Club,Woodside Soccer Club WSC Crush 12 Girls Black,1,,U11,Female,u11 F Ghosts,,,
8994658,184,1,10/29/2022, 9:05AM,10:10AM,Morgan Hill Outdoor Sports Complex (No Dogs),CA,S4-9,Tulare Force,Tulare Force Tulare Force 12 Girls (2),0,OV Toros FC,OV Toros FC OV Toros FC 2012G Red,0,,U11,Female,u11F Specters,,,
8994684,210,1,10/29/2022, 9:05AM,10:10AM,Morgan Hill Outdoor Sports Complex (No Dogs),CA,S3-9,UC Premier,UC Premier Union City Premier 11G Red,0,Monterey Surf Soccer Club,Monterey Surf Soccer Club Monterey Surf G11 PDA I,3,,U12,Female,u12 F Phantams,,,
8994415,121,1,10/29/2022, 9:05AM,10:10AM,Morgan Hill Outdoor Sports Complex (No Dogs),CA,S5-9,,Aguilas,5,Soccer Club of Los Gatos,Soccer Club of Los Gatos 11B Academy White,0,,U12,Male,u12 M Creepers,,,
8994685,211,1,10/29/2022, 9:05AM,10:10AM,Morgan Hill Outdoor Sports Complex (No Dogs),CA,S7-9,OV Toros FC,OV Toros FC OV Toros FC 2011G Black,1,Central Valley Premier FC,Central Valley Premier FC Central Valley Premier FC Elite G11,2,,U12,Female,u12 F Phantams,,,
8994438,132,1,10/29/2022, 9:15AM,10:30AM,Morgan Hill Outdoor Sports Complex (No Dogs),CA,N3-11,Scotts Valley San Lorenzo Valley Youth Soccer Club,Scotts Valley San Lorenzo Valley Youth Soccer Club Valley United 10B,2,Almaden FC,Almaden FC Almaden FC Mercury B10 Yellow,0,,U13,Male,u13 M Monsters,,,
8994696,222,1,10/29/2022, 9:15AM,10:30AM,Morgan Hill Outdoor Sports Complex (No Dogs),CA,N2-11,San Ramon FC,San Ramon FC San Ramon FC 10G White,0,Pacifica United Soccer Club,Pacifica United Soccer Club MYSL Pacifica United SC G2010 White,2,,U13,Female,u13 F Spiders,,,
8994737,263,1,10/29/2022, 9:15AM,10:30AM,Morgan Hill Outdoor Sports Complex (No Dogs),CA,Football Turf,Bay Area Surf,Bay Area Surf 07G Red,0,North Coast Futbol Club,North Coast Futbol Club North Coast FC 07G Red,6,,U16,Female,u16 F Chupacabras,,,
8994712,238,1,10/29/2022, 9:15AM,10:30AM,Morgan Hill Outdoor Sports Complex (No Dogs),CA,N1-11,West Coast Soccer,West Coast Soccer West Coast Soccer Wolfpack '09,2,Central Valley San Jose SC,Central Valley San Jose SC CVSJ 09G United,2,,U14,Female,u14 F Witches,,,
8994716,242,1,10/29/2022, 9:15AM,10:30AM,Morgan Hill Outdoor Sports Complex (No Dogs),CA,Soccer Turf,Almaden FC,Almaden FC Almaden FC Quicksilver 09G Black II,0,Tulare Force,Tulare Force Tulare Force 09 Girls,3,,U14,Female,u14 F Witches,,,
8994433,127,1,10/29/2022, 9:15AM,10:30AM,Morgan Hill Outdoor Sports Complex (No Dogs),CA,S9-11,Silicon Valley Eagles Youth Soccer,Silicon Valley Eagles Youth Soccer Silicon Valley Eagles 10B PSG IV,1,Hollister Tremors,Hollister Tremors Hollister Tremors 2010B,1,,U13,Male,u13 M Monsters,,,
8994338,44,1,10/29/2022,10:00AM,11:00AM,Morgan Hill Outdoor Sports Complex (No Dogs),CA,S1-7,OV Toros FC,OV Toros FC OV Toros FC 2013B Red 2,3,1974 Newark FC,1974 Newark FC 1974 NFC 13B White,3,,U10,Male,u10 M Goblins,,,
8994324,30,1,10/29/2022,10:00AM,11:00AM,Morgan Hill Outdoor Sports Complex (No Dogs),CA,S2-7,Santa Cruz County Breakers,Santa Cruz County Breakers 2014G Gray,1,OV Toros FC,OV Toros FC OV Toros FC 2014G White,1,,U09,Female,u9 F Serpents,,,
8994337,43,1,10/29/2022,10:00AM,11:00AM,Morgan Hill Outdoor Sports Complex (No Dogs),CA,N4-7,Santa Cruz City Soccer Club,Santa Cruz City Soccer Club SANTA CRUZ SHARKS 13 WHITE,5,Scotts Valley San Lorenzo Valley Youth Soccer Club,Scotts Valley San Lorenzo Valley Youth Soccer Club Valley United 13B Maroon,0,,U10,Male,u10 M Goblins,,,
8994304,10,1,10/29/2022,10:00AM,11:00AM,Morgan Hill Outdoor Sports Complex (No Dogs),CA,S12-7,Central Valley Premier FC,Central Valley Premier FC Central Valley Premier FC Select B14,0,Almaden FC,Almaden FC Almaden FC Mercury B14 White,5,,U09,Male,u9 M Demons,,,
8994315,21,1,10/29/2022,10:00AM,11:00AM,Morgan Hill Outdoor Sports Complex (No Dogs),CA,S10-7,San Juan South Soccer Club,San Juan South Soccer Club San Juan South SC 2014 Boys,3,Sonoma Valley United,Sonoma Valley United Sonoma United Strikers 2014 Boys,0,,U09,Male,u9 M Trolls,,,
8994568,177,1,10/29/2022,10:10AM,11:15AM,Morgan Hill Outdoor Sports Complex (No Dogs),CA,S6-9,Pacifica United Soccer Club,Pacifica United Soccer Club MYSL Pacifica United SC G2012 Makos Blue,2,Infinity Sports Club,Infinity Sports Club 2012G Infinity,0,,U11,Female,u11 F Medusas,,,
8994674,200,1,10/29/2022,10:10AM,11:15AM,Morgan Hill Outdoor Sports Complex (No Dogs),CA,S7-9,Silicon Valley Eagles Youth Soccer,Silicon Valley Eagles Youth Soccer Silicon Valley Eagles 11G PSG,3,Pacifica United Soccer Club,Pacifica United Soccer Club MYSL Pacifica United SC G2011 Blue,2,,U12,Female,u12 F Poltergeists,,,
8994379,85,1,10/29/2022,10:10AM,11:15AM,Morgan Hill Outdoor Sports Complex (No Dogs),CA,S3-9,Sunnyvale Alliance SC,Sunnyvale Alliance SC Sunnyvale Alliance SC 12B White,3,Santa Cruz Mid-County Youth Soccer Club,Santa Cruz Mid-County Youth Soccer Club SURF 12B Purple,5,,U11,Male,u11 M Vampires,,,
8994400,106,1,10/29/2022,10:10AM,11:15AM,Morgan Hill Outdoor Sports Complex (No Dogs),CA,S4-9,Central Valley San Jose SC,Central Valley San Jose SC CVSJ 11B SJ Timbers,3,Hollister Tremors,Hollister Tremors Hollister Tremors 2011B,2,,U12,Male,u12 M Werewolves,,,
8994414,120,1,10/29/2022,10:10AM,11:15AM,Morgan Hill Outdoor Sports Complex (No Dogs),CA,S8-9,Los Gatos United Soccer League,Los Gatos United Soccer League Los Gatos United 2011B III,0,OV Toros FC,OV Toros FC OV Toros FC 2011B Black,5,,U12,Male,u12 M Creepers,,,
8994569,178,1,10/29/2022,10:10AM,11:15AM,Morgan Hill Outdoor Sports Complex (No Dogs),CA,S5-9,Hollister Tremors,Hollister Tremors Hollister Tremors 2012G Team B,1,PAC San Jose,PAC San Jose PAC † SAN JOSE™ 2012 Panteras,5,,U11,Female,u11 F Medusas,,,
8994704,230,1,10/29/2022,10:30AM,11:45AM,Morgan Hill Outdoor Sports Complex (No Dogs),CA,Football Turf,Mustang Soccer,Mustang Soccer Mustang SC 10G Elite II,1,1974 Newark FC,1974 Newark FC 1974 NFC 10G Orange,0,,U13,Female,u13 F Black widows,,,
8994444,138,1,10/29/2022,10:30AM,11:45AM,Morgan Hill Outdoor Sports Complex (No Dogs),CA,N3-11,Almaden FC,Almaden FC Almaden FC Mercury B10 Black,0,San Juan South Soccer Club,San Juan South Soccer Club San Juan South SC 2010 Boys Elite,1,,U13,Male,u13 M Nightwalkers,,,
8994455,149,1,10/29/2022,10:30AM,11:45AM,Morgan Hill Outdoor Sports Complex (No Dogs),CA,S9-11,North Valley Youth Soccer League,North Valley Youth Soccer League NVYSL 09B White,0,Hollister Tremors,Hollister Tremors Hollister Tremors 2009B,7,,U14,Male,u14 M Warlocks,,,
8994703,229,1,10/29/2022,10:30AM,11:45AM,Morgan Hill Outdoor Sports Complex (No Dogs),CA,Soccer Turf,San Juan South Soccer Club,San Juan South Soccer Club San Juan South SC 2010 Elite,0,Valley United Soccer Club Association,Valley United Soccer Club Association Valley United 10 Girls Orange- Julio,0,,U13,Female,u13 F Black widows,,,
8994445,139,1,10/29/2022,10:30AM,11:45AM,Morgan Hill Outdoor Sports Complex (No Dogs),CA,N1-11,Santa Cruz City Soccer Club,Santa Cruz City Soccer Club SANTA CRUZ SHARKS 10 BLUE,2,OV Toros FC,OV Toros FC OV Toros FC 2010B Black,0,,U13,Male,u13 M Nightwalkers,,,
8994722,248,1,10/29/2022,10:30AM,11:45AM,Morgan Hill Outdoor Sports Complex (No Dogs),CA,N2-11,OV Toros FC,OV Toros FC OV Toros FC 2008G Black,1,Manteca Area Soccer League,Manteca Area Soccer League Manteca Area Soccer Manteca Rangers 08G Blue,3,,U15,Female,u15 F Spirits,,,
8994321,27,1,10/29/2022,11:00AM,12:00PM,Morgan Hill Outdoor Sports Complex (No Dogs),CA,S2-7,OV Toros FC,OV Toros FC OV Toros FC 2014G Red,5,Santa Cruz County Breakers,Santa Cruz County Breakers Santa Cruz Breakers 2014G-Green,0,,U09,Female,u9 F Serpents,,,
8994352,58,1,10/29/2022,11:00AM,12:00PM,Morgan Hill Outdoor Sports Complex (No Dogs),CA,N4-7,Monterey Surf Soccer Club,Monterey Surf Soccer Club Monterey Surf B13 PDA I,2,Santa Cruz County Breakers,Santa Cruz County Breakers 2013B Blue,1,,U10,Male,u10 M Wraiths,,,
8994296,2,1,10/29/2022,11:00AM,12:00PM,Morgan Hill Outdoor Sports Complex (No Dogs),CA,S10-7,Almaden FC,Almaden FC Almaden FC Mercury B14 Yellow,12,OV Toros FC,OV Toros FC OV Toros FC 2014B Navy,0,,U09,Male,u9 M Mutants,,,
8994478,172,1,10/29/2022,11:00AM,12:00PM,Morgan Hill Outdoor Sports Complex (No Dogs),CA,S1-7,Santa Cruz County Breakers,Santa Cruz County Breakers 2013G Gray,1,Dublin United,Dublin United Dublin United 13G Premier,6,,U10,Female,u10 F Zombies,,,
8994302,8,1,10/29/2022,11:00AM,12:00PM,Morgan Hill Outdoor Sports Complex (No Dogs),CA,S12-7,Pacifica United Soccer Club,Pacifica United Soccer Club MYSL Pacifica United SC B2014 Blue,3,OV Toros FC,OV Toros FC OV Toros FC 2014B Red,3,,U09,Male,u9 M Demons,,,
8994683,209,1,10/29/2022,11:15AM,12:20PM,Morgan Hill Outdoor Sports Complex (No Dogs),CA,S4-9,OV Toros FC,OV Toros FC OV Toros FC 2011G Black,0,West Coast Soccer,West Coast Soccer West Coast Soccer Warriors '11,4,,U12,Female,u12 F Phantams,,,
8994380,86,1,10/29/2022,11:15AM,12:20PM,Morgan Hill Outdoor Sports Complex (No Dogs),CA,S5-9,Cupertino FC,Cupertino FC Cupertino FC Flames 12B,0,OV Toros FC,OV Toros FC OV Toros FC 2012B Black,4,,U11,Male,u11 M Vampires,,,
8994369,75,1,10/29/2022,11:15AM,12:20PM,Morgan Hill Outdoor Sports Complex (No Dogs),CA,S7-9,Santa Clara Youth Soccer League,Santa Clara Youth Soccer League SC LIONS 2012B WHITE,1,Almaden FC,Almaden FC Almaden FC Mercury 12B White,4,,U11,Male,u11 M Skeletons,,,
8994389,95,1,10/29/2022,11:15AM,12:20PM,Morgan Hill Outdoor Sports Complex (No Dogs),CA,S3-9,PAC San Jose,PAC San Jose PAC † SAN JOSE™ 2011 ATLAS,1,Pajaro Valley Youth Soccer Club,Pajaro Valley Youth Soccer Club Pajaro Valley YSC PV United 11B,3,,U12,Male,u12 M Corpses,,,
8994655,181,1,10/29/2022,11:15AM,12:20PM,Morgan Hill Outdoor Sports Complex (No Dogs),CA,S8-9,OV Toros FC,OV Toros FC OV Toros FC 2012G Red,1,Almaden FC,Almaden FC Almaden FC Quicksilver 12G Black,1,,U11,Female,u11F Specters,,,
8994663,189,1,10/29/2022,11:15AM,12:20PM,Morgan Hill Outdoor Sports Complex (No Dogs),CA,S6-9,San Juan South Soccer Club,San Juan South Soccer Club San Juan South SC 2012 Elite,4,OV Toros FC,OV Toros FC OV Toros FC 2012G Black,0,,U11,Female,u11 F Ghosts,,,
8994470,164,1,10/29/2022,11:45AM, 1:00PM,Morgan Hill Outdoor Sports Complex (No Dogs),CA,N2-11,Milpitas Youth Soccer League,Milpitas Youth Soccer League Milpitas Crushers 08,0,Sunnyvale Alliance SC,Sunnyvale Alliance SC Sunnyvale Alliance SC 08B White,7,,U15,Male,u15 M Grave Diggers,,,
8994436,130,1,10/29/2022,11:45AM, 1:00PM,Morgan Hill Outdoor Sports Complex (No Dogs),CA,Football Turf,OV Toros FC,OV Toros FC OV Toros FC 2010B Red,3,Scotts Valley San Lorenzo Valley Youth Soccer Club,Scotts Valley San Lorenzo Valley Youth Soccer Club Valley United 10B,0,,U13,Male,u13 M Monsters,,,
8994692,218,1,10/29/2022,11:45AM, 1:00PM,Morgan Hill Outdoor Sports Complex (No Dogs),CA,N3-11,Santa Clara Youth Soccer League,Santa Clara Youth Soccer League SC LIONS 2010G RED,0,San Juan South Soccer Club,San Juan South Soccer Club San Juan South SC 2010 White,1,,U13,Female,u13 F Spiders,,,
8994461,155,1,10/29/2022,11:45AM, 1:00PM,Morgan Hill Outdoor Sports Complex (No Dogs),CA,N1-11,Santa Cruz City Soccer Club,Santa Cruz City Soccer Club SANTA CRUZ SHARKS 09 WHITE,1,North Valley Youth Soccer League,North Valley Youth Soccer League NVYSL 09B Green,1,,U14,Male,u14 M Devils,,,
8994715,241,1,10/29/2022,11:45AM, 1:00PM,Morgan Hill Outdoor Sports Complex (No Dogs),CA,Soccer Turf,Tulare Force,Tulare Force Tulare Force 09 Girls,1,Hollister Tremors,Hollister Tremors Hollister Tremors 2009G Chivitas,1,,U14,Female,u14 F Witches,,,
8994695,221,1,10/29/2022,11:45AM, 1:00PM,Morgan Hill Outdoor Sports Complex (No Dogs),CA,S9-11,Pacifica United Soccer Club,Pacifica United Soccer Club MYSL Pacifica United SC G2010 White,1,Tulare Force,Tulare Force Tulare Force 10 Girls,2,,U13,Female,u13 F Spiders,,,
8994325,31,1,10/29/2022,12:00PM, 1:00PM,Morgan Hill Outdoor Sports Complex (No Dogs),CA,S2-7,OV Toros FC,OV Toros FC OV Toros FC 2014G Gray,1,Santa Cruz County Breakers,Santa Cruz County Breakers 2014G Gray,1,,U09,Female,u9 F Serpents,,,
8994295,1,1,10/29/2022,12:00PM, 1:00PM,Morgan Hill Outdoor Sports Complex (No Dogs),CA,S1-7,OV Toros FC,OV Toros FC OV Toros FC 2014B White,1,Santa Cruz Mid-County Youth Soccer Club,Santa Cruz Mid-County Youth Soccer Club SURF 14B,5,,U09,Male,u9 M Mutants,,,
8994305,11,1,10/29/2022,12:00PM, 1:00PM,Morgan Hill Outdoor Sports Complex (No Dogs),CA,S12-7,OV Toros FC,OV Toros FC OV Toros FC 2014B Gray,1,Central Valley Premier FC,Central Valley Premier FC Central Valley Premier FC Select B14,2,,U09,Male,u9 M Demons,,,
8994314,20,1,10/29/2022,12:00PM, 1:00PM,Morgan Hill Outdoor Sports Complex (No Dogs),CA,S10-7,Sonoma Valley United,Sonoma Valley United Sonoma United Strikers 2014 Boys,0,Almaden FC,Almaden FC Almaden FC Mercury B14 Green,6,,U09,Male,u9 M Trolls,,,
8994360,66,1,10/29/2022,12:00PM, 1:00PM,Morgan Hill Outdoor Sports Complex (No Dogs),CA,N4-7,Santa Cruz City Soccer Club,Santa Cruz City Soccer Club SANTA CRUZ SHARKS 13 BLUE,2,OV Toros FC,OV Toros FC OV Toros FC 2013B Black,1,,U10,Male,u10 M Ghouls,,,
8994368,74,1,10/29/2022,12:20PM, 1:25PM,Morgan Hill Outdoor Sports Complex (No Dogs),CA,S7-9,OV Toros FC,OV Toros FC OV Toros FC 2012B Red,1,De Anza Force SC,De Anza Force SC Force 12B Black,0,,U11,Male,u11 M Skeletons,,,
8994682,208,1,10/29/2022,12:20PM, 1:25PM,Morgan Hill Outdoor Sports Complex (No Dogs),CA,S4-9,Monterey Surf Soccer Club,Monterey Surf Soccer Club Monterey Surf G11 PDA I,1,Central Valley Premier FC,Central Valley Premier FC Central Valley Premier FC Elite G11,1,,U12,Female,u12 F Phantams,,,
8994656,182,1,10/29/2022,12:20PM, 1:25PM,Morgan Hill Outdoor Sports Complex (No Dogs),CA,S5-9,Los Gatos United Soccer League,Los Gatos United Soccer League Los Gatos United 2012G III,3,Tulare Force,Tulare Force Tulare Force 12 Girls (2),1,,U11,Female,u11F Specters,,,
8994390,96,1,10/29/2022,12:20PM, 1:25PM,Morgan Hill Outdoor Sports Complex (No Dogs),CA,S8-9,Scotts Valley San Lorenzo Valley Youth Soccer Club,Scotts Valley San Lorenzo Valley Youth Soccer Club Valley United 11B,5,Almaden FC,Almaden FC Almaden FC Mercury 11B Yellow,0,,U12,Male,u12 M Corpses,,,
8994398,104,1,10/29/2022,12:20PM, 1:25PM,Morgan Hill Outdoor Sports Complex (No Dogs),CA,S3-9,OV Toros FC,OV Toros FC OV Toros FC 2011B Red1,1,Central Valley San Jose SC,Central Valley San Jose SC CVSJ 11B Dynamos,0,,U12,Male,u12 M Werewolves,,,
8994404,110,1,10/29/2022,12:20PM, 1:25PM,Morgan Hill Outdoor Sports Complex (No Dogs),CA,S6-9,Central Valley San Jose SC,Central Valley San Jose SC CVSJ 11B Gunners,3,Central Valley San Jose SC,Central Valley San Jose SC CVSJ 11B SJ Timbers,2,,U12,Male,u12 M Werewolves,,,
8994311,17,1,10/29/2022, 1:00PM, 2:00PM,Morgan Hill Outdoor Sports Complex (No Dogs),CA,S1-7,California Odyssey Soccer Club,California Odyssey Soccer Club COSC 14B Red,2,OV Toros FC,OV Toros FC OV Toros FC 2014B Black,2,,U09,Male,u9 M Trolls,,,
8994359,65,1,10/29/2022, 1:00PM, 2:00PM,Morgan Hill Outdoor Sports Complex (No Dogs),CA,S2-7,Cupertino FC,Cupertino FC Cupertino FC Flames 13B,2,Nevada Select Soccer League,Nevada Select Soccer League Aztecs FC,2,,U10,Male,u10 M Ghouls,,,
8994713,239,1,10/29/2022, 1:00PM, 2:15PM,Morgan Hill Outdoor Sports Complex (No Dogs),CA,Football Turf,OV Toros FC,OV Toros FC OV Toros FC 2009G Black,0,West Coast Soccer,West Coast Soccer West Coast Soccer Wolfpack '09,2,,U14,Female,u14 F Witches,,,
8994333,39,1,10/29/2022, 1:00PM, 2:00PM,Morgan Hill Outdoor Sports Complex (No Dogs),CA,S12-7,CenCal Cosmos Soccer Club,CenCal Cosmos Soccer Club CenCal Cosmos 2014 Girls- Nova,1,Monterey Surf Soccer Club,Monterey Surf Soccer Club Monterey Surf G14 PDA I,4,,U09,Female,u9 F Bats,,,
8994334,40,1,10/29/2022, 1:00PM, 2:00PM,Morgan Hill Outdoor Sports Complex (No Dogs),CA,S10-7,Monterey County Soccer-ECFC Salinas,Monterey County Soccer-ECFC Salinas United 14G Black,0,OV Toros FC,OV Toros FC OV Toros FC 2014G Black,5,,U09,Female,u9 F Bats,,,
8994466,160,1,10/29/2022, 1:00PM, 2:15PM,Morgan Hill Outdoor Sports Complex (No Dogs),CA,S9-11,Los Gatos United Soccer League,Los Gatos United Soccer League Los Gatos United 2008B IV,1,Madera United Futbol Club,Madera United Futbol Club Madera United FC 08B Rivera,8,,U15,Male,u15 M Grave Diggers,,,
8994456,150,1,10/29/2022, 1:00PM, 2:15PM,Morgan Hill Outdoor Sports Complex (No Dogs),CA,N2-11,Sunnyvale Alliance SC,Sunnyvale Alliance SC Sunnyvale Alliance SC 09B Black,0,Almaden FC,Almaden FC Almaden FC- Mercury 09B White,0,,U14,Male,u14 M Warlocks,,,
8994705,231,1,10/29/2022, 1:00PM, 2:15PM,Morgan Hill Outdoor Sports Complex (No Dogs),CA,N1-11,OV Toros FC,OV Toros FC OV Toros FC 2010G Black,0,Mustang Soccer,Mustang Soccer Mustang SC 10G Elite II,0,,U13,Female,u13 F Black widows,,,
8994443,137,1,10/29/2022, 1:00PM, 2:15PM,Morgan Hill Outdoor Sports Complex (No Dogs),CA,N3-11,OV Toros FC,OV Toros FC OV Toros FC 2010B Black,2,Central Valley San Jose SC,Central Valley San Jose SC CVSJ 10B Ducks,1,,U13,Male,u13 M Nightwalkers,,,
8994740,266,1,10/29/2022, 1:00PM, 2:15PM,Morgan Hill Outdoor Sports Complex (No Dogs),CA,Soccer Turf,Pacifica United Soccer Club,Pacifica United Soccer Club MYSL Pacifica United SC G2007 Thunder Blue,4,Bay Area Surf,Bay Area Surf 07G Red,0,,U16,Female,u16 F Chupacabras,,,
8994323,29,1,10/29/2022, 1:00PM, 2:00PM,Morgan Hill Outdoor Sports Complex (No Dogs),CA,N4-7,Santa Cruz County Breakers,Santa Cruz County Breakers Santa Cruz Breakers 2014G-Green,0,Hollister Tremors,Hollister Tremors Hollister Tremors 2014G,4,,U09,Female,u9 F Serpents,,,
8994413,119,1,10/29/2022, 1:25PM, 2:30PM,Morgan Hill Outdoor Sports Complex (No Dogs),CA,S7-9,,Aguilas,0,Real Salinas,Real Salinas Pumitas 11,1,,U12,Male,u12 M Creepers,,,
8994673,199,1,10/29/2022, 1:25PM, 2:30PM,Morgan Hill Outdoor Sports Complex (No Dogs),CA,S5-9,Infinity Sports Club,Infinity Sports Club 2011G Infinity,1,Hollister Tremors,Hollister Tremors Hollister Tremors 2011G Hurricanes,4,,U12,Female,u12 F Poltergeists,,,
8994672,198,1,10/29/2022, 1:25PM, 2:30PM,Morgan Hill Outdoor Sports Complex (No Dogs),CA,S3-9,Pacifica United Soccer Club,Pacifica United Soccer Club MYSL Pacifica United SC G2011 Blue,1,Central Valley San Jose SC,Central Valley San Jose SC CVSJ 11G Strikers,2,,U12,Female,u12 F Poltergeists,,,
8994412,118,1,10/29/2022, 1:25PM, 2:30PM,Morgan Hill Outdoor Sports Complex (No Dogs),CA,S6-9,OV Toros FC,OV Toros FC OV Toros FC 2011B Black,8,Soccer Club of Los Gatos,Soccer Club of Los Gatos 11B Academy White,1,,U12,Male,u12 M Creepers,,,
8994367,73,1,10/29/2022, 1:25PM, 2:30PM,Morgan Hill Outdoor Sports Complex (No Dogs),CA,S8-9,Almaden FC,Almaden FC Almaden FC Mercury 12B White,3,OV Toros FC,OV Toros FC OV Toros FC 2012B White,1,,U11,Male,u11 M Skeletons,,,
8994665,191,1,10/29/2022, 1:25PM, 2:30PM,Morgan Hill Outdoor Sports Complex (No Dogs),CA,S4-9,Woodside Soccer Club,Woodside Soccer Club WSC Crush 12 Girls Black,1,1974 Newark FC,1974 Newark FC 1974 NFC 12G Orange,3,,U11,Female,u11 F Ghosts,,,
8994340,46,1,10/29/2022, 2:00PM, 3:00PM,Morgan Hill Outdoor Sports Complex (No Dogs),CA,S12-7,Hollister Tremors,Hollister Tremors Hollister Tremors 2013B,4,Santa Clara Youth Soccer League,Santa Clara Youth Soccer League SC LIONS 2013B BLACK,4,,U10,Male,u10 M Goblins,,,
8994353,59,1,10/29/2022, 2:00PM, 3:00PM,Morgan Hill Outdoor Sports Complex (No Dogs),CA,S10-7,Santa Cruz County Breakers,Santa Cruz County Breakers Santa Cruz Breakers 2013B Gray,0,Monterey Surf Soccer Club,Monterey Surf Soccer Club Monterey Surf B13 PDA I,10,,U10,Male,u10 M Wraiths,,,
8994354,60,1,10/29/2022, 2:00PM, 3:00PM,Morgan Hill Outdoor Sports Complex (No Dogs),CA,S1-7,Santa Cruz County Breakers,Santa Cruz County Breakers 2013B Blue,2,OV Toros FC,OV Toros FC OV Toros FC 2013B Red 1,3,,U10,Male,u10 M Wraiths,,,
8994477,171,1,10/29/2022, 2:00PM, 3:00PM,Morgan Hill Outdoor Sports Complex (No Dogs),CA,S2-7,San Juan South Soccer Club,San Juan South Soccer Club San Juan South SC 2013 Elite,1,Central Valley Premier FC,Central Valley Premier FC Central Valley Premier FC Select G13,0,,U10,Female,u10 F Zombies,,,
8994339,45,1,10/29/2022, 2:00PM, 3:00PM,Morgan Hill Outdoor Sports Complex (No Dogs),CA,N4-7,North Valley Youth Soccer League,North Valley Youth Soccer League NVYSL 13B Ninjas,6,Milpitas Youth Soccer League,Milpitas Youth Soccer League FC Milpitas Thunder 13,3,,U10,Male,u10 M Goblins,,,
8994731,257,1,10/29/2022, 2:15PM, 3:30PM,Morgan Hill Outdoor Sports Complex (No Dogs),CA,Football Turf,Santa Cruz City Soccer Club,Santa Cruz City Soccer Club SANTA CRUZ JAWS 07 BLUE,2,Central Valley San Jose SC,Central Valley San Jose SC CVSJ 07G SJ Thorns,0,,U16,Female,u16 F Jack-o-lanterns,,,
8994468,162,1,10/29/2022, 2:15PM, 3:30PM,Morgan Hill Outdoor Sports Complex (No Dogs),CA,S9-11,OV Toros FC,OV Toros FC OV Toros FC 2008B Black,10,Milpitas Youth Soccer League,Milpitas Youth Soccer League Milpitas Crushers 08,0,,U15,Male,u15 M Grave Diggers,,,
8994702,228,1,10/29/2022, 2:15PM, 3:30PM,Morgan Hill Outdoor Sports Complex (No Dogs),CA,N3-11,Valley United Soccer Club Association,Valley United Soccer Club Association Valley United 10 Girls Orange- Julio,1,Merced United FC,Merced United FC Merced United FC 10G Barrios,0,,U13,Female,u13 F Black widows,,,
8994434,128,1,10/29/2022, 2:15PM, 3:30PM,Morgan Hill Outdoor Sports Complex (No Dogs),CA,Soccer Turf,OV Toros FC,OV Toros FC OV Toros FC 2010B White,1,Silicon Valley Eagles Youth Soccer,Silicon Valley Eagles Youth Soccer Silicon Valley Eagles 10B PSG IV,10,,U13,Male,u13 M Monsters,,,
8994693,219,1,10/29/2022, 2:15PM, 3:30PM,Morgan Hill Outdoor Sports Complex (No Dogs),CA,N2-11,North Valley Youth Soccer League,North Valley Youth Soccer League NVYSL 10G Golden Eagles,4,Santa Clara Youth Soccer League,Santa Clara Youth Soccer League SC LIONS 2010G RED,0,,U13,Female,u13 F Spiders,,,
8994714,240,1,10/29/2022, 2:15PM, 3:30PM,Morgan Hill Outdoor Sports Complex (No Dogs),CA,N1-11,Hollister Tremors,Hollister Tremors Hollister Tremors 2009G Chivitas,0,Almaden FC,Almaden FC Almaden FC Quicksilver 09G Black II,1,,U14,Female,u14 F Witches,,,
8994378,84,1,10/29/2022, 2:30PM, 3:35PM,Morgan Hill Outdoor Sports Complex (No Dogs),CA,S6-9,Santa Cruz Mid-County Youth Soccer Club,Santa Cruz Mid-County Youth Soccer Club SURF 12B Purple,6,Cupertino FC,Cupertino FC Cupertino FC Flames 12B,3,,U11,Male,u11 M Vampires,,,
8994388,94,1,10/29/2022, 2:30PM, 3:35PM,Morgan Hill Outdoor Sports Complex (No Dogs),CA,S5-9,Santa Cruz County Breakers,Santa Cruz County Breakers 2011B Gray,0,OV Toros FC,OV Toros FC OV Toros FC 2011B Red2,0,,U12,Male,u12 M Corpses,,,
8994662,188,1,10/29/2022, 2:30PM, 3:35PM,Morgan Hill Outdoor Sports Complex (No Dogs),CA,S4-9,OV Toros FC,OV Toros FC OV Toros FC 2012G Black,1,Monterey Surf Soccer Club,Monterey Surf Soccer Club Monterey Surf G12 Pre-Academy,5,,U11,Female,u11 F Ghosts,,,
8994566,175,1,10/29/2022, 2:30PM, 3:35PM,Morgan Hill Outdoor Sports Complex (No Dogs),CA,S3-9,PAC San Jose,PAC San Jose PAC † SAN JOSE™ 2012 Panteras,4,Pacifica United Soccer Club,Pacifica United Soccer Club MYSL Pacifica United SC G2012 Makos Blue,3,,U11,Female,u11 F Medusas,,,
8994397,103,1,10/29/2022, 2:30PM, 3:35PM,Morgan Hill Outdoor Sports Complex (No Dogs),CA,S8-9,Sunnyvale Alliance SC,Sunnyvale Alliance SC Sunnyvale Alliance SC 11B White,0,Los Gatos United Soccer League,Los Gatos United Soccer League Los Gatos United 2011B V,4,,U12,Male,u12 M Werewolves,,,
8994387,93,1,10/29/2022, 2:30PM, 3:35PM,Morgan Hill Outdoor Sports Complex (No Dogs),CA,S7-9,Belmont United Soccer Club,Belmont United Soccer Club Belmont United 11B Betis,0,Pacifica United Soccer Club,Pacifica United Soccer Club MYSL Pacifica United SC B2011 Blue,1,,U12,Male,u12 M Corpses,,,
8994341,47,1,10/29/2022, 3:00PM, 4:00PM,Morgan Hill Outdoor Sports Complex (No Dogs),CA,S2-7,1974 Newark FC,1974 Newark FC 1974 NFC 13B White,0,Santa Cruz City Soccer Club,Santa Cruz City Soccer Club SANTA CRUZ SHARKS 13 WHITE,2,,U10,Male,u10 M Goblins,,,
8994313,19,1,10/29/2022, 3:00PM, 4:00PM,Morgan Hill Outdoor Sports Complex (No Dogs),CA,S12-7,OV Toros FC,OV Toros FC OV Toros FC 2014B Black,6,South Valley United Soccer Club,South Valley United Soccer Club South Valley United B14 Black,0,,U09,Male,u9 M Trolls,,,
8994358,64,1,10/29/2022, 3:00PM, 4:00PM,Morgan Hill Outdoor Sports Complex (No Dogs),CA,N4-7,OV Toros FC,OV Toros FC OV Toros FC 2013B Black,5,Kings County Soccer Club,Kings County Soccer Club Kings County 13B Orange,0,,U10,Male,u10 M Ghouls,,,
8994322,28,1,10/29/2022, 3:00PM, 4:00PM,Morgan Hill Outdoor Sports Complex (No Dogs),CA,S10-7,Hollister Tremors,Hollister Tremors Hollister Tremors 2014G,2,OV Toros FC,OV Toros FC OV Toros FC 2014G Red,2,,U09,Female,u9 F Serpents,,,
8994303,9,1,10/29/2022, 3:00PM, 4:00PM,Morgan Hill Outdoor Sports Complex (No Dogs),CA,S1-7,California Odyssey Soccer Club,California Odyssey Soccer Club COSC 14B White,0,Pacifica United Soccer Club,Pacifica United Soccer Club MYSL Pacifica United SC B2014 Blue,2,,U09,Male,u9 M Demons,,,
8994459,153,1,10/29/2022, 3:30PM, 4:45PM,Morgan Hill Outdoor Sports Complex (No Dogs),CA,S9-11,San Pablo United YSC,San Pablo United YSC San Pablo Aztecas Jr,6,Santa Cruz City Soccer Club,Santa Cruz City Soccer Club SANTA CRUZ SHARKS 09 WHITE,1,,U14,Male,u14 M Devils,,,
8994732,258,1,10/29/2022, 3:30PM, 4:45PM,Morgan Hill Outdoor Sports Complex (No Dogs),CA,Soccer Turf,Santa Cruz Breakers Academy,Santa Cruz Breakers Academy Breakers FC South 2007G,0,Hollister Tremors,Hollister Tremors Hollister Tremors 08G,5,,U16,Female,u16 F Jack-o-lanterns,,,
8994454,148,1,10/29/2022, 3:30PM, 4:45PM,Morgan Hill Outdoor Sports Complex (No Dogs),CA,N2-11,Hollister Tremors,Hollister Tremors Hollister Tremors 2009B,3,Sunnyvale Alliance SC,Sunnyvale Alliance SC Sunnyvale Alliance SC 09B Black,0,,U14,Male,u14 M Warlocks,,,
8994437,131,1,10/29/2022, 3:30PM, 4:45PM,Morgan Hill Outdoor Sports Complex (No Dogs),CA,N3-11,Almaden FC,Almaden FC Almaden FC Mercury B10 Yellow,2,OV Toros FC,OV Toros FC OV Toros FC 2010B Red,2,,U13,Male,u13 M Monsters,,,
8994721,247,1,10/29/2022, 3:30PM, 4:45PM,Morgan Hill Outdoor Sports Complex (No Dogs),CA,Football Turf,FRESNO HEAT FC,FRESNO HEAT FC FRESNO HEAT FC GIRLS 08,1,San Juan South Soccer Club,San Juan South Soccer Club San Juan South SC 2009 White,1,,U15,Female,u15 F Spirits,,,
8994711,237,1,10/29/2022, 3:30PM, 4:45PM,Morgan Hill Outdoor Sports Complex (No Dogs),CA,N1-11,Central Valley San Jose SC,Central Valley San Jose SC CVSJ 09G United,3,OV Toros FC,OV Toros FC OV Toros FC 2009G Black,1,,U14,Female,u14 F Witches,,,
8994377,83,1,10/29/2022, 3:35PM, 4:40PM,Morgan Hill Outdoor Sports Complex (No Dogs),CA,S8-9,OV Toros FC,OV Toros FC OV Toros FC 2012B Black,3,Sunnyvale Alliance SC,Sunnyvale Alliance SC Sunnyvale Alliance SC 12B White,1,,U11,Male,u11 M Vampires,,,
8994385,91,1,10/29/2022, 3:35PM, 4:40PM,Morgan Hill Outdoor Sports Complex (No Dogs),CA,S6-9,Pajaro Valley Youth Soccer Club,Pajaro Valley Youth Soccer Club Pajaro Valley YSC PV United 11B,2,Scotts Valley San Lorenzo Valley Youth Soccer Club,Scotts Valley San Lorenzo Valley Youth Soccer Club Valley United 11B,0,,U12,Male,u12 M Corpses,,,
8994399,105,1,10/29/2022, 3:35PM, 4:40PM,Morgan Hill Outdoor Sports Complex (No Dogs),CA,S5-9,Santa Cruz County Breakers,Santa Cruz County Breakers 2011B Blue,0,Central Valley San Jose SC,Central Valley San Jose SC CVSJ 11B Gunners,0,,U12,Male,u12 M Werewolves,,,
8994664,190,1,10/29/2022, 3:35PM, 4:40PM,Morgan Hill Outdoor Sports Complex (No Dogs),CA,S7-9,1974 Newark FC,1974 Newark FC 1974 NFC 12G Orange,1,Tulare Force,Tulare Force Tulare Force 12 Girls,0,,U11,Female,u11 F Ghosts,,,
8994681,207,1,10/29/2022, 3:35PM, 4:40PM,Morgan Hill Outdoor Sports Complex (No Dogs),CA,S3-9,West Coast Soccer,West Coast Soccer West Coast Soccer Warriors '11,1,UC Premier,UC Premier Union City Premier 11G Red,1,,U12,Female,u12 F Phantams,,,
8994411,117,1,10/29/2022, 3:35PM, 4:40PM,Morgan Hill Outdoor Sports Complex (No Dogs),CA,S4-9,Real Salinas,Real Salinas Pumitas 11,3,Los Gatos United Soccer League,Los Gatos United Soccer League Los Gatos United 2011B III,0,,U12,Male,u12 M Creepers,,,
8994306,12,1,10/29/2022, 4:00PM, 5:00PM,Morgan Hill Outdoor Sports Complex (No Dogs),CA,S1-7,Almaden FC,Almaden FC Almaden FC Mercury B14 White,1,OV Toros FC,OV Toros FC OV Toros FC 2014B Gray,1,,U09,Male,u9 M Demons,,,
8994475,169,1,10/29/2022, 4:00PM, 5:00PM,Morgan Hill Outdoor Sports Complex (No Dogs),CA,N4-7,Dublin United,Dublin United Dublin United 13G Premier,3,San Juan South Soccer Club,San Juan South Soccer Club San Juan South SC 2013 Elite,1,,U10,Female,u10 F Zombies,,,
8994476,170,1,10/29/2022, 4:00PM, 5:00PM,Morgan Hill Outdoor Sports Complex (No Dogs),CA,S10-7,Central Valley Premier FC,Central Valley Premier FC Central Valley Premier FC Select G13,0,Santa Cruz County Breakers,Santa Cruz County Breakers 2013G Gray,1,,U10,Female,u10 F Zombies,,,
8994357,63,1,10/29/2022, 4:00PM, 5:00PM,Morgan Hill Outdoor Sports Complex (No Dogs),CA,S2-7,Nevada Select Soccer League,Nevada Select Soccer League Aztecs FC,1,Santa Cruz City Soccer Club,Santa Cruz City Soccer Club SANTA CRUZ SHARKS 13 BLUE,5,,U10,Male,u10 M Ghouls,,,
8994332,38,1,10/29/2022, 4:00PM, 5:00PM,Morgan Hill Outdoor Sports Complex (No Dogs),CA,S12-7,Monterey Surf Soccer Club,Monterey Surf Soccer Club Monterey Surf G14 PDA I,8,Monterey County Soccer-ECFC Salinas,Monterey County Soccer-ECFC Salinas United 14G Black,3,,U09,Female,u9 F Bats,,,
8994671,197,1,10/29/2022, 4:40PM, 5:45PM,Morgan Hill Outdoor Sports Complex (No Dogs),CA,S6-9,Hollister Tremors,Hollister Tremors Hollister Tremors 2011G Hurricanes,0,Silicon Valley Eagles Youth Soccer,Silicon Valley Eagles Youth Soccer Silicon Valley Eagles 11G PSG,1,,U12,Female,u12 F Poltergeists,,,
8994383,89,1,10/29/2022, 4:40PM, 5:45PM,Morgan Hill Outdoor Sports Complex (No Dogs),CA,S5-9,Pacifica United Soccer Club,Pacifica United Soccer Club MYSL Pacifica United SC B2011 Blue,0,Santa Cruz County Breakers,Santa Cruz County Breakers 2011B Gray,0,,U12,Male,u12 M Corpses,,,
8994370,76,1,10/29/2022, 4:40PM, 5:45PM,Morgan Hill Outdoor Sports Complex (No Dogs),CA,S8-9,OV Toros FC,OV Toros FC OV Toros FC 2012B White,0,OV Toros FC,OV Toros FC OV Toros FC 2012B Red,5,,U11,Male,u11 M Skeletons,,,
8994371,77,1,10/29/2022, 4:40PM, 5:45PM,Morgan Hill Outdoor Sports Complex (No Dogs),CA,S7-9,Santa Clara Youth Soccer League,Santa Clara Youth Soccer League SC LIONS 2012B WHITE,1,De Anza Force SC,De Anza Force SC Force 12B Black,2,,U11,Male,u11 M Skeletons,,,
8994661,187,1,10/29/2022, 4:40PM, 5:45PM,Morgan Hill Outdoor Sports Complex (No Dogs),CA,S3-9,Monterey Surf Soccer Club,Monterey Surf Soccer Club Monterey Surf G12 Pre-Academy,1,San Juan South Soccer Club,San Juan South Soccer Club San Juan South SC 2012 Elite,0,,U11,Female,u11 F Ghosts,,,
8994384,90,1,10/29/2022, 4:40PM, 5:45PM,Morgan Hill Outdoor Sports Complex (No Dogs),CA,S4-9,OV Toros FC,OV Toros FC OV Toros FC 2011B Red2,6,Belmont United Soccer Club,Belmont United Soccer Club Belmont United 11B Betis,1,,U12,Male,u12 M Corpses,,,
8994725,251,1,10/29/2022, 4:45PM, 6:00PM,Morgan Hill Outdoor Sports Complex (No Dogs),CA,N1-11,Stockton TLJ FC,Stockton TLJ FC Stockton TLJ FC 08/09G,3,Manteca Area Soccer League,Manteca Area Soccer League Manteca Area Soccer Manteca Rangers 08G Blue,0,,U15,Female,u15 F Spirits,,,
8994467,161,1,10/29/2022, 4:45PM, 6:00PM,Morgan Hill Outdoor Sports Complex (No Dogs),CA,S9-11,Pacifica United Soccer Club,Pacifica United Soccer Club MYSL Pacifica United SC B2008 Tsunami,1,Los Gatos United Soccer League,Los Gatos United Soccer League Los Gatos United 2008B IV,1,,U15,Male,u15 M Grave Diggers,,,
8994739,265,1,10/29/2022, 4:45PM, 6:00PM,Morgan Hill Outdoor Sports Complex (No Dogs),CA,Soccer Turf,North Coast Futbol Club,North Coast Futbol Club North Coast FC 07G Red,1,East San Jose FC,East San Jose FC East San Jose FC 07G I,0,,U16,Female,u16 F Chupacabras,,,
8994460,154,1,10/29/2022, 4:45PM, 6:00PM,Morgan Hill Outdoor Sports Complex (No Dogs),CA,N3-11,North Valley Youth Soccer League,North Valley Youth Soccer League NVYSL 09B Green,2,OV Toros FC,OV Toros FC OV Toros FC 2009B Black,1,,U14,Male,u14 M Devils,,,
8994694,220,1,10/29/2022, 4:45PM, 6:00PM,Morgan Hill Outdoor Sports Complex (No Dogs),CA,N2-11,Tulare Force,Tulare Force Tulare Force 10 Girls,1,San Ramon FC,San Ramon FC San Ramon FC 10G White,0,,U13,Female,u13 F Spiders,,,
8994435,129,1,10/29/2022, 4:45PM, 6:00PM,Morgan Hill Outdoor Sports Complex (No Dogs),CA,Football Turf,Hollister Tremors,Hollister Tremors Hollister Tremors 2010B,7,OV Toros FC,OV Toros FC OV Toros FC 2010B White,1,,U13,Male,u13 M Monsters,,,
8994297,3,1,10/29/2022, 5:00PM, 6:00PM,Morgan Hill Outdoor Sports Complex (No Dogs),CA,N4-7,Santa Cruz Mid-County Youth Soccer Club,Santa Cruz Mid-County Youth Soccer Club SURF 14B,1,Almaden FC,Almaden FC Almaden FC Mercury B14 Yellow,1,,U09,Male,u9 M Mutants,,,
8994361,67,1,10/29/2022, 5:00PM, 6:00PM,Morgan Hill Outdoor Sports Complex (No Dogs),CA,S10-7,Cupertino FC,Cupertino FC Cupertino FC Flames 13B,0,Kings County Soccer Club,Kings County Soccer Club Kings County 13B Orange,6,,U10,Male,u10 M Ghouls,,,
8994312,18,1,10/29/2022, 5:00PM, 6:00PM,Morgan Hill Outdoor Sports Complex (No Dogs),CA,S2-7,South Valley United Soccer Club,South Valley United Soccer Club South Valley United B14 Black,0,California Odyssey Soccer Club,California Odyssey Soccer Club COSC 14B Red,7,,U09,Male,u9 M Trolls,,,
8994301,7,1,10/29/2022, 5:00PM, 6:00PM,Morgan Hill Outdoor Sports Complex (No Dogs),CA,S12-7,OV Toros FC,OV Toros FC OV Toros FC 2014B Red,3,California Odyssey Soccer Club,California Odyssey Soccer Club COSC 14B White,4,,U09,Male,u9 M Demons,,,
8994331,37,1,10/29/2022, 5:00PM, 6:00PM,Morgan Hill Outdoor Sports Complex (No Dogs),CA,S1-7,OV Toros FC,OV Toros FC OV Toros FC 2014G Black,0,CenCal Cosmos Soccer Club,CenCal Cosmos Soccer Club CenCal Cosmos 2014 Girls- Nova,0,,U09,Female,u9 F Bats,,,
8994733,259,1,10/29/2022, 6:00PM, 7:15PM,Morgan Hill Outdoor Sports Complex (No Dogs),CA,Football Turf,Central Valley San Jose SC,Central Valley San Jose SC CVSJ 07G SJ Thorns,1,Santa Cruz Breakers Academy,Santa Cruz Breakers Academy Breakers FC South 2007G,2,,U16,Female,u16 F Jack-o-lanterns,,,
8994691,217,1,10/29/2022, 6:00PM, 7:15PM,Morgan Hill Outdoor Sports Complex (No Dogs),CA,N1-11,San Juan South Soccer Club,San Juan South Soccer Club San Juan South SC 2010 White,0,North Valley Youth Soccer League,North Valley Youth Soccer League NVYSL 10G Golden Eagles,1,,U13,Female,u13 F Spiders,,,
8994706,232,1,10/29/2022, 6:00PM, 7:15PM,Morgan Hill Outdoor Sports Complex (No Dogs),CA,Soccer Turf,1974 Newark FC,1974 Newark FC 1974 NFC 10G Orange,1,OV Toros FC,OV Toros FC OV Toros FC 2010G Black,1,,U13,Female,u13 F Black widows,,,
8994469,163,1,10/29/2022, 6:00PM, 7:15PM,Morgan Hill Outdoor Sports Complex (No Dogs),CA,N3-11,Sunnyvale Alliance SC,Sunnyvale Alliance SC Sunnyvale Alliance SC 08B White,0,OV Toros FC,OV Toros FC OV Toros FC 2008B Black,2,,U15,Male,u15 M Grave Diggers,,,
8994723,249,1,10/29/2022, 7:15PM, 8:30PM,Morgan Hill Outdoor Sports Complex (No Dogs),CA,Football Turf,Stockton TLJ FC,Stockton TLJ FC Stockton TLJ FC 08/09G,0,FRESNO HEAT FC,FRESNO HEAT FC FRESNO HEAT FC GIRLS 08,0,,U15,Female,u15 F Spirits,,,
8994465,159,1,10/29/2022, 7:15PM, 8:30PM,Morgan Hill Outdoor Sports Complex (No Dogs),CA,N3-11,Madera United Futbol Club,Madera United Futbol Club Madera United FC 08B Rivera,6,Pacifica United Soccer Club,Pacifica United Soccer Club MYSL Pacifica United SC B2008 Tsunami,0,,U15,Male,u15 M Grave Diggers,,,
8994462,156,1,10/29/2022, 7:15PM, 8:30PM,Morgan Hill Outdoor Sports Complex (No Dogs),CA,N1-11,OV Toros FC,OV Toros FC OV Toros FC 2009B Black,0,San Pablo United YSC,San Pablo United YSC San Pablo Aztecas Jr,1,,U14,Male,u14 M Devils,,,
8994738,264,1,10/29/2022, 7:15PM, 8:30PM,Morgan Hill Outdoor Sports Complex (No Dogs),CA,Soccer Turf,East San Jose FC,East San Jose FC East San Jose FC 07G I,0,Pacifica United Soccer Club,Pacifica United Soccer Club MYSL Pacifica United SC G2007 Thunder Blue,1,,U16,Female,u16 F Chupacabras,,,
8994345,51,2,10/30/2022, 9:00AM,10:00AM,Morgan Hill Outdoor Sports Complex (No Dogs),CA,S12-7,Santa Cruz City Soccer Club,Santa Cruz City Soccer Club SANTA CRUZ SHARKS 13 WHITE,0,OV Toros FC,OV Toros FC OV Toros FC 2013B Red 2,2,,U10,Male,u10 M Goblins,,,
8994348,54,2,10/30/2022, 9:00AM,10:00AM,Morgan Hill Outdoor Sports Complex (No Dogs),CA,S1-7,Santa Clara Youth Soccer League,Santa Clara Youth Soccer League SC LIONS 2013B BLACK,1,Milpitas Youth Soccer League,Milpitas Youth Soccer League FC Milpitas Thunder 13,3,,U10,Male,u10 M Goblins,,,
8994346,52,2,10/30/2022, 9:00AM,10:00AM,Morgan Hill Outdoor Sports Complex (No Dogs),CA,S10-7,1974 Newark FC,1974 Newark FC 1974 NFC 13B White,3,Scotts Valley San Lorenzo Valley Youth Soccer Club,Scotts Valley San Lorenzo Valley Youth Soccer Club Valley United 13B Maroon,0,,U10,Male,u10 M Goblins,,,
8994365,71,2,10/30/2022, 9:00AM,10:00AM,Morgan Hill Outdoor Sports Complex (No Dogs),CA,S2-7,Nevada Select Soccer League,Nevada Select Soccer League Aztecs FC,0,OV Toros FC,OV Toros FC OV Toros FC 2013B Black,2,,U10,Male,u10 M Ghouls,,,
8994300,6,2,10/30/2022, 9:00AM,10:00AM,Morgan Hill Outdoor Sports Complex (No Dogs),CA,N4-7,OV Toros FC,OV Toros FC OV Toros FC 2014B Navy,1,Santa Cruz Mid-County Youth Soccer Club,Santa Cruz Mid-County Youth Soccer Club SURF 14B,4,,U09,Male,u9 M Mutants,,,
8994391,97,2,10/30/2022, 9:05AM,10:10AM,Morgan Hill Outdoor Sports Complex (No Dogs),CA,S8-9,Pacifica United Soccer Club,Pacifica United Soccer Club MYSL Pacifica United SC B2011 Blue,2,OV Toros FC,OV Toros FC OV Toros FC 2011B Red2,3,,U12,Male,u12 M Corpses,,,
8994680,206,2,10/30/2022, 9:05AM,10:10AM,Morgan Hill Outdoor Sports Complex (No Dogs),CA,S7-9,Central Valley San Jose SC,Central Valley San Jose SC CVSJ 11G Strikers,1,Silicon Valley Eagles Youth Soccer,Silicon Valley Eagles Youth Soccer Silicon Valley Eagles 11G PSG,0,,U12,Female,u12 F Poltergeists,,,
8994667,193 / Semi-Finals A,2,10/30/2022, 9:05AM,10:10AM,Morgan Hill Outdoor Sports Complex (No Dogs),CA,S4-9,Monterey Surf Soccer Club,Monterey Surf Soccer Club Monterey Surf G12 Pre-Academy,2,Woodside Soccer Club,Woodside Soccer Club WSC Crush 12 Girls Black,1,,U11,Female,u11 F Ghosts,,,
8994668,194 / Semi-Finals B,2,10/30/2022, 9:05AM,10:10AM,Morgan Hill Outdoor Sports Complex (No Dogs),CA,S3-9,1974 Newark FC,1974 Newark FC 1974 NFC 12G Orange,1,San Juan South Soccer Club,San Juan South Soccer Club San Juan South SC 2012 Elite,2,,U11,Female,u11 F Ghosts,,,
8994408,114,2,10/30/2022, 9:05AM,10:10AM,Morgan Hill Outdoor Sports Complex (No Dogs),CA,S5-9,Hollister Tremors,Hollister Tremors Hollister Tremors 2011B,2,Central Valley San Jose SC,Central Valley San Jose SC CVSJ 11B Gunners,0,,U12,Male,u12 M Werewolves,,,
8994407,113,2,10/30/2022, 9:05AM,10:10AM,Morgan Hill Outdoor Sports Complex (No Dogs),CA,S6-9,Santa Cruz County Breakers,Santa Cruz County Breakers 2011B Blue,3,Central Valley San Jose SC,Central Valley San Jose SC CVSJ 11B SJ Timbers,2,,U12,Male,u12 M Werewolves,,,
8994707,233 / Semi-Finals A,2,10/30/2022, 9:15AM,10:30AM,Morgan Hill Outdoor Sports Complex (No Dogs),CA,N2-11,San Juan South Soccer Club,San Juan South Soccer Club San Juan South SC 2010 Elite,4,OV Toros FC,OV Toros FC OV Toros FC 2010G Black,1,,U13,Female,u13 F Black widows,,,
8994708,234 / Semi-Finals B,2,10/30/2022, 9:15AM,10:30AM,Morgan Hill Outdoor Sports Complex (No Dogs),CA,S9-11,Mustang Soccer,Mustang Soccer Mustang SC 10G Elite II,0,Valley United Soccer Club Association,Valley United Soccer Club Association Valley United 10 Girls Orange- Julio,1,,U13,Female,u13 F Black widows,,,
8994728,254,2,10/30/2022, 9:15AM,10:30AM,Morgan Hill Outdoor Sports Complex (No Dogs),CA,Football Turf,San Juan South Soccer Club,San Juan South Soccer Club San Juan South SC 2009 White,1,Stockton TLJ FC,Stockton TLJ FC Stockton TLJ FC 08/09G,0,,U15,Female,u15 F Spirits,,,
8994720,246 / Consolation,2,10/30/2022, 9:15AM,10:30AM,Morgan Hill Outdoor Sports Complex (No Dogs),CA,Soccer Turf,OV Toros FC,OV Toros FC OV Toros FC 2009G Black,2,Hollister Tremors,Hollister Tremors Hollister Tremors 2009G Chivitas,1,,U14,Female,u14 F Witches,,,
8994717,243 / Semi-Finals A,2,10/30/2022, 9:15AM,10:30AM,Morgan Hill Outdoor Sports Complex (No Dogs),CA,N3-11,West Coast Soccer,West Coast Soccer West Coast Soccer Wolfpack '09,1,Almaden FC,Almaden FC Almaden FC Quicksilver 09G Black II,0,,U14,Female,u14 F Witches,,,
8994718,244 / Semi-Finals B,2,10/30/2022, 9:15AM,10:30AM,Morgan Hill Outdoor Sports Complex (No Dogs),CA,N1-11,Tulare Force,Tulare Force Tulare Force 09 Girls,3,Central Valley San Jose SC,Central Valley San Jose SC CVSJ 09G United,1,,U14,Female,u14 F Witches,,,
8994299,5,2,10/30/2022,10:00AM,11:00AM,Morgan Hill Outdoor Sports Complex (No Dogs),CA,N4-7,OV Toros FC,OV Toros FC OV Toros FC 2014B White,0,Almaden FC,Almaden FC Almaden FC Mercury B14 Yellow,6,,U09,Male,u9 M Mutants,,,
8994366,72,2,10/30/2022,10:00AM,11:00AM,Morgan Hill Outdoor Sports Complex (No Dogs),CA,S1-7,Kings County Soccer Club,Kings County Soccer Club Kings County 13B Orange,1,Santa Cruz City Soccer Club,Santa Cruz City Soccer Club SANTA CRUZ SHARKS 13 BLUE,1,,U10,Male,u10 M Ghouls,,,
8994318,24 / Semi-Finals B,2,10/30/2022,10:00AM,11:00AM,Morgan Hill Outdoor Sports Complex (No Dogs),CA,S10-7,Almaden FC,Almaden FC Almaden FC Mercury B14 Green,3,OV Toros FC,OV Toros FC OV Toros FC 2014B Black,0,,U09,Male,u9 M Trolls,,,
8994317,23 / Semi-Finals A,2,10/30/2022,10:00AM,11:00AM,Morgan Hill Outdoor Sports Complex (No Dogs),CA,S12-7,California Odyssey Soccer Club,California Odyssey Soccer Club COSC 14B White,7,San Juan South Soccer Club,San Juan South Soccer Club San Juan South SC 2014 Boys,1,,U09,Male,u9 M Trolls,,,
8994347,53,2,10/30/2022,10:00AM,11:00AM,Morgan Hill Outdoor Sports Complex (No Dogs),CA,S2-7,North Valley Youth Soccer League,North Valley Youth Soccer League NVYSL 13B Ninjas,2,Hollister Tremors,Hollister Tremors Hollister Tremors 2013B,1,,U10,Male,u10 M Goblins,,,
8994690,216,2,10/30/2022,10:10AM,11:15AM,Morgan Hill Outdoor Sports Complex (No Dogs),CA,S4-9,Central Valley Premier FC,Central Valley Premier FC Central Valley Premier FC Elite G11,1,UC Premier,UC Premier Union City Premier 11G Red,2,,U12,Female,u12 F Phantams,,,
8994392,98,2,10/30/2022,10:10AM,11:15AM,Morgan Hill Outdoor Sports Complex (No Dogs),CA,S7-9,Belmont United Soccer Club,Belmont United Soccer Club Belmont United 11B Betis,2,Santa Cruz County Breakers,Santa Cruz County Breakers 2011B Gray,1,,U12,Male,u12 M Corpses,,,
8994393,99,2,10/30/2022,10:10AM,11:15AM,Morgan Hill Outdoor Sports Complex (No Dogs),CA,S6-9,Pajaro Valley Youth Soccer Club,Pajaro Valley Youth Soccer Club Pajaro Valley YSC PV United 11B,7,Almaden FC,Almaden FC Almaden FC Mercury 11B Yellow,0,,U12,Male,u12 M Corpses,,,
8994406,112,2,10/30/2022,10:10AM,11:15AM,Morgan Hill Outdoor Sports Complex (No Dogs),CA,S5-9,Central Valley San Jose SC,Central Valley San Jose SC CVSJ 11B Dynamos,1,Los Gatos United Soccer League,Los Gatos United Soccer League Los Gatos United 2011B V,6,,U12,Male,u12 M Werewolves,,,
8994405,111,2,10/30/2022,10:10AM,11:15AM,Morgan Hill Outdoor Sports Complex (No Dogs),CA,S8-9,Sunnyvale Alliance SC,Sunnyvale Alliance SC Sunnyvale Alliance SC 11B White,2,OV Toros FC,OV Toros FC OV Toros FC 2011B Red1,0,,U12,Male,u12 M Werewolves,,,
8994382,88,2,10/30/2022,10:10AM,11:15AM,Morgan Hill Outdoor Sports Complex (No Dogs),CA,S3-9,Cupertino FC,Cupertino FC Cupertino FC Flames 12B,3,Sunnyvale Alliance SC,Sunnyvale Alliance SC Sunnyvale Alliance SC 12B White,3,,U11,Male,u11 M Vampires,,,
8994471,165 / Semi-Finals A,2,10/30/2022,10:30AM,11:45AM,Morgan Hill Outdoor Sports Complex (No Dogs),CA,N3-11,Madera United Futbol Club,Madera United Futbol Club Madera United FC 08B Rivera,3,Sunnyvale Alliance SC,Sunnyvale Alliance SC Sunnyvale Alliance SC 08B White,0,,U15,Male,u15 M Grave Diggers,,,
8994472,166 / Semi-Finals B,2,10/30/2022,10:30AM,11:45AM,Morgan Hill Outdoor Sports Complex (No Dogs),CA,S9-11,OV Toros FC,OV Toros FC OV Toros FC 2008B Black,3,Los Gatos United Soccer League,Los Gatos United Soccer League Los Gatos United 2008B IV,1,,U15,Male,u15 M Grave Diggers,,,
8994698,224 / Semi-Finals B,2,10/30/2022,10:30AM,11:45AM,Morgan Hill Outdoor Sports Complex (No Dogs),CA,N2-11,Tulare Force,Tulare Force Tulare Force 10 Girls,0,San Juan South Soccer Club,San Juan South Soccer Club San Juan South SC 2010 White,3,,U13,Female,u13 F Spiders,,,
8994697,223 / Semi-Finals A,2,10/30/2022,10:30AM,11:45AM,Morgan Hill Outdoor Sports Complex (No Dogs),CA,N1-11,North Valley Youth Soccer League,North Valley Youth Soccer League NVYSL 10G Golden Eagles,1,Pacifica United Soccer Club,Pacifica United Soccer Club MYSL Pacifica United SC G2010 White,0,,U13,Female,u13 F Spiders,,,
8994448,142,2,10/30/2022,10:30AM,11:45AM,Morgan Hill Outdoor Sports Complex (No Dogs),CA,Football Turf,San Juan South Soccer Club,San Juan South Soccer Club San Juan South SC 2010 Boys Elite,3,OV Toros FC,OV Toros FC OV Toros FC 2010B Black,2,,U13,Male,u13 M Nightwalkers,,,
8994735,261,2,10/30/2022,10:30AM,11:45AM,Morgan Hill Outdoor Sports Complex (No Dogs),CA,Soccer Turf,Santa Cruz City Soccer Club,Santa Cruz City Soccer Club SANTA CRUZ JAWS 07 BLUE,1,Santa Cruz Breakers Academy,Santa Cruz Breakers Academy Breakers FC South 2007G,3,,U16,Female,u16 F Jack-o-lanterns,,,
8994308,14 / Semi-Finals B,2,10/30/2022,11:00AM,12:00PM,Morgan Hill Outdoor Sports Complex (No Dogs),CA,S12-7,Almaden FC,Almaden FC Almaden FC Mercury B14 White,1,California Odyssey Soccer Club,California Odyssey Soccer Club COSC 14B White,3,,U09,Male,u9 M Demons,,,
8994310,16 / Consolation,2,10/30/2022,11:00AM,12:00PM,Morgan Hill Outdoor Sports Complex (No Dogs),CA,S10-7,OV Toros FC,OV Toros FC OV Toros FC 2014B Red,4,OV Toros FC,OV Toros FC OV Toros FC 2014B Gray,2,,U09,Male,u9 M Demons,,,
8994328,34 / Semi-Finals B,2,10/30/2022,11:00AM,12:00PM,Morgan Hill Outdoor Sports Complex (No Dogs),CA,S2-7,OV Toros FC,OV Toros FC OV Toros FC 2014G White,0,Hollister Tremors,Hollister Tremors Hollister Tremors 2014G,5,,U09,Female,u9 F Serpents,,,
8994320,26 / Consolation,2,10/30/2022,11:00AM,12:00PM,Morgan Hill Outdoor Sports Complex (No Dogs),CA,S1-7,South Valley United Soccer Club,South Valley United Soccer Club South Valley United B14 Black,0,Sonoma Valley United,Sonoma Valley United Sonoma United Strikers 2014 Boys,3,,U09,Male,u9 M Trolls,,,
8994307,13 / Semi-Finals A,2,10/30/2022,11:00AM,12:00PM,Morgan Hill Outdoor Sports Complex (No Dogs),CA,N4-7,Pacifica United Soccer Club,Pacifica United Soccer Club MYSL Pacifica United SC B2014 Blue,2,Central Valley Premier FC,Central Valley Premier FC Central Valley Premier FC Select B14,1,,U09,Male,u9 M Demons,,,
8994375,81,2,10/30/2022,11:15AM,12:20PM,Morgan Hill Outdoor Sports Complex (No Dogs),CA,S8-9,Almaden FC,Almaden FC Almaden FC Mercury 12B White,0,OV Toros FC,OV Toros FC OV Toros FC 2012B Red,3,,U11,Male,u11 M Skeletons,,,
8994689,215,2,10/30/2022,11:15AM,12:20PM,Morgan Hill Outdoor Sports Complex (No Dogs),CA,S3-9,West Coast Soccer,West Coast Soccer West Coast Soccer Warriors '11,2,Monterey Surf Soccer Club,Monterey Surf Soccer Club Monterey Surf G11 PDA I,2,,U12,Female,u12 F Phantams,,,
8994420,126,2,10/30/2022,11:15AM,12:20PM,Morgan Hill Outdoor Sports Complex (No Dogs),CA,S6-9,Soccer Club of Los Gatos,Soccer Club of Los Gatos 11B Academy White,1,Los Gatos United Soccer League,Los Gatos United Soccer League Los Gatos United 2011B III,1,,U12,Male,u12 M Creepers,,,
8994419,125,2,10/30/2022,11:15AM,12:20PM,Morgan Hill Outdoor Sports Complex (No Dogs),CA,S5-9,Real Salinas,Real Salinas Pumitas 11,2,OV Toros FC,OV Toros FC OV Toros FC 2011B Black,1,,U12,Male,u12 M Creepers,,,
8994394,100,2,10/30/2022,11:15AM,12:20PM,Morgan Hill Outdoor Sports Complex (No Dogs),CA,S4-9,PAC San Jose,PAC San Jose PAC † SAN JOSE™ 2011 ATLAS,2,Scotts Valley San Lorenzo Valley Youth Soccer Club,Scotts Valley San Lorenzo Valley Youth Soccer Club Valley United 11B,2,,U12,Male,u12 M Corpses,,,
8994376,82,2,10/30/2022,11:15AM,12:20PM,Morgan Hill Outdoor Sports Complex (No Dogs),CA,S7-9,De Anza Force SC,De Anza Force SC Force 12B Black,3,OV Toros FC,OV Toros FC OV Toros FC 2012B White,0,,U11,Male,u11 M Skeletons,,,
8994439,133 / Semi-Finals A,2,10/30/2022,11:45AM, 1:00PM,Morgan Hill Outdoor Sports Complex (No Dogs),CA,N2-11,Hollister Tremors,Hollister Tremors Hollister Tremors 2010B,2,Scotts Valley San Lorenzo Valley Youth Soccer Club,Scotts Valley San Lorenzo Valley Youth Soccer Club Valley United 10B,1,,U13,Male,u13 M Monsters,,,
8994457,151,2,10/30/2022,11:45AM, 1:00PM,Morgan Hill Outdoor Sports Complex (No Dogs),CA,N3-11,Almaden FC,Almaden FC Almaden FC- Mercury 09B White,0,Hollister Tremors,Hollister Tremors Hollister Tremors 2009B,5,,U14,Male,u14 M Warlocks,,,
8994729,255,2,10/30/2022,11:45AM, 1:00PM,Morgan Hill Outdoor Sports Complex (No Dogs),CA,Football Turf,FRESNO HEAT FC,FRESNO HEAT FC FRESNO HEAT FC GIRLS 08,4,OV Toros FC,OV Toros FC OV Toros FC 2008G Black,0,,U15,Female,u15 F Spirits,,,
8994463,157,2,10/30/2022,11:45AM, 1:00PM,Morgan Hill Outdoor Sports Complex (No Dogs),CA,N1-11,San Pablo United YSC,San Pablo United YSC San Pablo Aztecas Jr,1,North Valley Youth Soccer League,North Valley Youth Soccer League NVYSL 09B Green,1,,U14,Male,u14 M Devils,,,
8994440,134 / Semi-Finals B,2,10/30/2022,11:45AM, 1:00PM,Morgan Hill Outdoor Sports Complex (No Dogs),CA,S9-11,OV Toros FC,OV Toros FC OV Toros FC 2010B Red,2,Silicon Valley Eagles Youth Soccer,Silicon Valley Eagles Youth Soccer Silicon Valley Eagles 10B PSG IV,3,,U13,Male,u13 M Monsters,,,
8994730,256,2,10/30/2022,11:45AM, 1:00PM,Morgan Hill Outdoor Sports Complex (No Dogs),CA,Soccer Turf,Manteca Area Soccer League,Manteca Area Soccer League Manteca Area Soccer Manteca Rangers 08G Blue,1,San Juan South Soccer Club,San Juan South Soccer Club San Juan South SC 2009 White,2,,U15,Female,u15 F Spirits,,,
8994364,70,2,10/30/2022,12:00PM, 1:00PM,Morgan Hill Outdoor Sports Complex (No Dogs),CA,S1-7,Santa Cruz City Soccer Club,Santa Cruz City Soccer Club SANTA CRUZ SHARKS 13 BLUE,5,Cupertino FC,Cupertino FC Cupertino FC Flames 13B,1,,U10,Male,u10 M Ghouls,,,
8994330,36 / Consolation,2,10/30/2022,12:00PM, 1:00PM,Morgan Hill Outdoor Sports Complex (No Dogs),CA,S12-7,Santa Cruz County Breakers,Santa Cruz County Breakers Santa Cruz Breakers 2014G-Green,3,Santa Cruz County Breakers,Santa Cruz County Breakers 2014G Gray,0,,U09,Female,u9 F Serpents,,,
8994349,55 / 3rd Place,2,10/30/2022,12:00PM, 1:00PM,Morgan Hill Outdoor Sports Complex (No Dogs),CA,S10-7,Santa Cruz City Soccer Club,Santa Cruz City Soccer Club SANTA CRUZ SHARKS 13 WHITE,1,Milpitas Youth Soccer League,Milpitas Youth Soccer League FC Milpitas Thunder 13,5,,U10,Male,u10 M Goblins,,,
8994350,56 / Final,2,10/30/2022,12:00PM, 1:00PM,Morgan Hill Outdoor Sports Complex (No Dogs),CA,S2-7,OV Toros FC,OV Toros FC OV Toros FC 2013B Red 2,1,North Valley Youth Soccer League,North Valley Youth Soccer League NVYSL 13B Ninjas,3,,U10,Male,u10 M Goblins,,,
8994327,33 / Semi-Finals A,2,10/30/2022,12:00PM, 1:00PM,Morgan Hill Outdoor Sports Complex (No Dogs),CA,N4-7,OV Toros FC,OV Toros FC OV Toros FC 2014G Red,1,OV Toros FC,OV Toros FC OV Toros FC 2014G Gray,2,,U09,Female,u9 F Serpents,,,
8994660,186,2,10/30/2022,12:20PM, 1:25PM,Morgan Hill Outdoor Sports Complex (No Dogs),CA,S5-9,Tulare Force,Tulare Force Tulare Force 12 Girls (2),1,Almaden FC,Almaden FC Almaden FC Quicksilver 12G Black,4,,U11,Female,u11F Specters,,,
8994659,185,2,10/30/2022,12:20PM, 1:25PM,Morgan Hill Outdoor Sports Complex (No Dogs),CA,S6-9,OV Toros FC,OV Toros FC OV Toros FC 2012G Red,1,Los Gatos United Soccer League,Los Gatos United Soccer League Los Gatos United 2012G III,2,,U11,Female,u11F Specters,,,
8994571,180,2,10/30/2022,12:20PM, 1:25PM,Morgan Hill Outdoor Sports Complex (No Dogs),CA,S8-9,Hollister Tremors,Hollister Tremors Hollister Tremors 2012G Team B,1,Pacifica United Soccer Club,Pacifica United Soccer Club MYSL Pacifica United SC G2012 Makos Blue,0,,U11,Female,u11 F Medusas,,,
8994688,214,2,10/30/2022,12:20PM, 1:25PM,Morgan Hill Outdoor Sports Complex (No Dogs),CA,S4-9,UC Premier,UC Premier Union City Premier 11G Red,1,OV Toros FC,OV Toros FC OV Toros FC 2011G Black,0,,U12,Female,u12 F Phantams,,,
8994678,204,2,10/30/2022,12:20PM, 1:25PM,Morgan Hill Outdoor Sports Complex (No Dogs),CA,S7-9,Silicon Valley Eagles Youth Soccer,Silicon Valley Eagles Youth Soccer Silicon Valley Eagles 11G PSG,2,Infinity Sports Club,Infinity Sports Club 2011G Infinity,0,,U12,Female,u12 F Poltergeists,,,
8994679,205,2,10/30/2022,12:20PM, 1:25PM,Morgan Hill Outdoor Sports Complex (No Dogs),CA,S3-9,Hollister Tremors,Hollister Tremors Hollister Tremors 2011G Hurricanes,3,Pacifica United Soccer Club,Pacifica United Soccer Club MYSL Pacifica United SC G2011 Blue,0,,U12,Female,u12 F Poltergeists,,,
8994449,143,2,10/30/2022, 1:00PM, 2:15PM,Morgan Hill Outdoor Sports Complex (No Dogs),CA,N2-11,Almaden FC,Almaden FC Almaden FC Mercury B10 Black,2,Santa Cruz City Soccer Club,Santa Cruz City Soccer Club SANTA CRUZ SHARKS 10 BLUE,1,,U13,Male,u13 M Nightwalkers,,,
8994319,25 / Final,2,10/30/2022, 1:00PM, 2:00PM,Morgan Hill Outdoor Sports Complex (No Dogs),CA,S10-7,California Odyssey Soccer Club,California Odyssey Soccer Club COSC 14B White,0,Almaden FC,Almaden FC Almaden FC Mercury B14 Green,1,,U09,Male,u9 M Trolls,,,
8994709,235 / Final,2,10/30/2022, 1:00PM, 2:15PM,Morgan Hill Outdoor Sports Complex (No Dogs),CA,Soccer Turf,San Juan South Soccer Club,San Juan South Soccer Club San Juan South SC 2010 Elite,1,Valley United Soccer Club Association,Valley United Soccer Club Association Valley United 10 Girls Orange- Julio,2,,U13,Female,u13 F Black widows,,,
8994719,245 / Final,2,10/30/2022, 1:00PM, 2:15PM,Morgan Hill Outdoor Sports Complex (No Dogs),CA,Football Turf,West Coast Soccer,West Coast Soccer West Coast Soccer Wolfpack '09,3,Tulare Force,Tulare Force Tulare Force 09 Girls,0,,U14,Female,u14 F Witches,,,
8994700,226 / Consolation,2,10/30/2022, 1:00PM, 2:15PM,Morgan Hill Outdoor Sports Complex (No Dogs),CA,N3-11,Santa Clara Youth Soccer League,Santa Clara Youth Soccer League SC LIONS 2010G RED,0,San Ramon FC,San Ramon FC San Ramon FC 10G White,1,,U13,Female,u13 F Spiders,,,
8994734,260,2,10/30/2022, 1:00PM, 2:15PM,Morgan Hill Outdoor Sports Complex (No Dogs),CA,N1-11,Hollister Tremors,Hollister Tremors Hollister Tremors 08G,2,Santa Cruz City Soccer Club,Santa Cruz City Soccer Club SANTA CRUZ JAWS 07 BLUE,0,,U16,Female,u16 F Jack-o-lanterns,,,
8994452,146,2,10/30/2022, 1:00PM, 2:15PM,Morgan Hill Outdoor Sports Complex (No Dogs),CA,S9-11,San Juan South Soccer Club,San Juan South Soccer Club San Juan South SC 2010 Boys Elite,1,Central Valley San Jose SC,Central Valley San Jose SC CVSJ 10B Ducks,1,,U13,Male,u13 M Nightwalkers,,,
8994336,42,2,10/30/2022, 1:00PM, 2:00PM,Morgan Hill Outdoor Sports Complex (No Dogs),CA,N4-7,Monterey County Soccer-ECFC Salinas,Monterey County Soccer-ECFC Salinas United 14G Black,1,CenCal Cosmos Soccer Club,CenCal Cosmos Soccer Club CenCal Cosmos 2014 Girls- Nova,0,,U09,Female,u9 F Bats,,,
8994355,61,2,10/30/2022, 1:00PM, 2:00PM,Morgan Hill Outdoor Sports Complex (No Dogs),CA,S2-7,OV Toros FC,OV Toros FC OV Toros FC 2013B Red 1,1,Monterey Surf Soccer Club,Monterey Surf Soccer Club Monterey Surf B13 PDA I,2,,U10,Male,u10 M Wraiths,,,
8994362,68,2,10/30/2022, 1:00PM, 2:00PM,Morgan Hill Outdoor Sports Complex (No Dogs),CA,S1-7,Kings County Soccer Club,Kings County Soccer Club Kings County 13B Orange,2,Nevada Select Soccer League,Nevada Select Soccer League Aztecs FC,2,,U10,Male,u10 M Ghouls,,,
8994335,41,2,10/30/2022, 1:00PM, 2:00PM,Morgan Hill Outdoor Sports Complex (No Dogs),CA,S12-7,OV Toros FC,OV Toros FC OV Toros FC 2014G Black,2,Monterey Surf Soccer Club,Monterey Surf Soccer Club Monterey Surf G14 PDA I,0,,U09,Female,u9 F Bats,,,
8994410,116 / Final,2,10/30/2022, 1:25PM, 2:30PM,Morgan Hill Outdoor Sports Complex (No Dogs),CA,S3-9,Los Gatos United Soccer League,Los Gatos United Soccer League Los Gatos United 2011B V,0,Santa Cruz County Breakers,Santa Cruz County Breakers 2011B Blue,2,,U12,Male,u12 M Werewolves,,,
8994409,115 / 3rd Place,2,10/30/2022, 1:25PM, 2:30PM,Morgan Hill Outdoor Sports Complex (No Dogs),CA,S4-9,Sunnyvale Alliance SC,Sunnyvale Alliance SC Sunnyvale Alliance SC 11B White,,Central Valley San Jose SC,Central Valley San Jose SC CVSJ 11B Gunners,,,U12,Male,u12 M Werewolves,,,
8994670,196 / Consolation,2,10/30/2022, 1:25PM, 2:30PM,Morgan Hill Outdoor Sports Complex (No Dogs),CA,S8-9,OV Toros FC,OV Toros FC OV Toros FC 2012G Black,0,Tulare Force,Tulare Force Tulare Force 12 Girls,1,,U11,Female,u11 F Ghosts,,,
8994374,80,2,10/30/2022, 1:25PM, 2:30PM,Morgan Hill Outdoor Sports Complex (No Dogs),CA,S7-9,OV Toros FC,OV Toros FC OV Toros FC 2012B White,1,Santa Clara Youth Soccer League,Santa Clara Youth Soccer League SC LIONS 2012B WHITE,0,,U11,Male,u11 M Skeletons,,,
8994570,179,2,10/30/2022, 1:25PM, 2:30PM,Morgan Hill Outdoor Sports Complex (No Dogs),CA,S5-9,PAC San Jose,PAC San Jose PAC † SAN JOSE™ 2012 Panteras,4,Infinity Sports Club,Infinity Sports Club 2012G Infinity,1,,U11,Female,u11 F Medusas,,,
8994418,124,2,10/30/2022, 1:25PM, 2:30PM,Morgan Hill Outdoor Sports Complex (No Dogs),CA,S6-9,Los Gatos United Soccer League,Los Gatos United Soccer League Los Gatos United 2011B III,0,,Aguilas,8,,U12,Male,u12 M Creepers,,,
8994329,35 / Final,2,10/30/2022, 2:00PM, 3:00PM,Morgan Hill Outdoor Sports Complex (No Dogs),CA,S12-7,OV Toros FC,OV Toros FC OV Toros FC 2014G Gray,0,Hollister Tremors,Hollister Tremors Hollister Tremors 2014G,1,,U09,Female,u9 F Serpents,,,
8994356,62,2,10/30/2022, 2:00PM, 3:00PM,Morgan Hill Outdoor Sports Complex (No Dogs),CA,S10-7,Santa Cruz County Breakers,Santa Cruz County Breakers 2013B Blue,7,Santa Cruz County Breakers,Santa Cruz County Breakers Santa Cruz Breakers 2013B Gray,0,,U10,Male,u10 M Wraiths,,,
8994363,69,2,10/30/2022, 2:00PM, 3:00PM,Morgan Hill Outdoor Sports Complex (No Dogs),CA,S2-7,OV Toros FC,OV Toros FC OV Toros FC 2013B Black,8,Cupertino FC,Cupertino FC Cupertino FC Flames 13B,1,,U10,Male,u10 M Ghouls,,,
8994309,15 / Final,2,10/30/2022, 2:00PM, 3:00PM,Morgan Hill Outdoor Sports Complex (No Dogs),CA,N4-7,Pacifica United Soccer Club,Pacifica United Soccer Club MYSL Pacifica United SC B2014 Blue,1,California Odyssey Soccer Club,California Odyssey Soccer Club COSC 14B White,2,,U09,Male,u9 M Demons,,,
8994479,173,2,10/30/2022, 2:00PM, 3:00PM,Morgan Hill Outdoor Sports Complex (No Dogs),CA,S1-7,Dublin United,Dublin United Dublin United 13G Premier,3,Central Valley Premier FC,Central Valley Premier FC Central Valley Premier FC Select G13,0,,U10,Female,u10 F Zombies,,,
8994727,253,2,10/30/2022, 2:15PM, 3:30PM,Morgan Hill Outdoor Sports Complex (No Dogs),CA,N1-11,OV Toros FC,OV Toros FC OV Toros FC 2008G Black,0,Stockton TLJ FC,Stockton TLJ FC Stockton TLJ FC 08/09G,1,,U15,Female,u15 F Spirits,,,
8994742,268,2,10/30/2022, 2:15PM, 3:30PM,Morgan Hill Outdoor Sports Complex (No Dogs),CA,S9-11,Pacifica United Soccer Club,Pacifica United Soccer Club MYSL Pacifica United SC G2007 Thunder Blue,2,North Coast Futbol Club,North Coast Futbol Club North Coast FC 07G Red,0,,U16,Female,u16 F Chupacabras,,,
8994458,152,2,10/30/2022, 2:15PM, 3:30PM,Morgan Hill Outdoor Sports Complex (No Dogs),CA,N2-11,Sunnyvale Alliance SC,Sunnyvale Alliance SC Sunnyvale Alliance SC 09B Black,1,North Valley Youth Soccer League,North Valley Youth Soccer League NVYSL 09B White,0,,U14,Male,u14 M Warlocks,,,
8994699,225 / Final,2,10/30/2022, 2:15PM, 3:30PM,Morgan Hill Outdoor Sports Complex (No Dogs),CA,Soccer Turf,North Valley Youth Soccer League,North Valley Youth Soccer League NVYSL 10G Golden Eagles,1,San Juan South Soccer Club,San Juan South Soccer Club San Juan South SC 2010 White,0,,U13,Female,u13 F Spiders,,,
8994474,168 / Consolation,2,10/30/2022, 2:15PM, 3:30PM,Morgan Hill Outdoor Sports Complex (No Dogs),CA,Football Turf,Pacifica United Soccer Club,Pacifica United Soccer Club MYSL Pacifica United SC B2008 Tsunami,3,Milpitas Youth Soccer League,Milpitas Youth Soccer League Milpitas Crushers 08,1,,U15,Male,u15 M Grave Diggers,,,
8994741,267,2,10/30/2022, 2:15PM, 3:30PM,Morgan Hill Outdoor Sports Complex (No Dogs),CA,N3-11,Bay Area Surf,Bay Area Surf 07G Red,1,East San Jose FC,East San Jose FC East San Jose FC 07G I,1,,U16,Female,u16 F Chupacabras,,,
8994381,87,2,10/30/2022, 2:30PM, 3:35PM,Morgan Hill Outdoor Sports Complex (No Dogs),CA,S7-9,OV Toros FC,OV Toros FC OV Toros FC 2012B Black,2,Santa Cruz Mid-County Youth Soccer Club,Santa Cruz Mid-County Youth Soccer Club SURF 12B Purple,0,,U11,Male,u11 M Vampires,,,
8994687,213,2,10/30/2022, 2:30PM, 3:35PM,Morgan Hill Outdoor Sports Complex (No Dogs),CA,S5-9,Monterey Surf Soccer Club,Monterey Surf Soccer Club Monterey Surf G11 PDA I,5,OV Toros FC,OV Toros FC OV Toros FC 2011G Black,1,,U12,Female,u12 F Phantams,,,
8994686,212,2,10/30/2022, 2:30PM, 3:35PM,Morgan Hill Outdoor Sports Complex (No Dogs),CA,S6-9,Central Valley Premier FC,Central Valley Premier FC Central Valley Premier FC Elite G11,1,West Coast Soccer,West Coast Soccer West Coast Soccer Warriors '11,1,,U12,Female,u12 F Phantams,,,
8994676,202,2,10/30/2022, 2:30PM, 3:35PM,Morgan Hill Outdoor Sports Complex (No Dogs),CA,S8-9,Central Valley San Jose SC,Central Valley San Jose SC CVSJ 11G Strikers,3,Hollister Tremors,Hollister Tremors Hollister Tremors 2011G Hurricanes,1,,U12,Female,u12 F Poltergeists,,,
8994669,195 / Final,2,10/30/2022, 2:30PM, 3:35PM,Morgan Hill Outdoor Sports Complex (No Dogs),CA,S4-9,Monterey Surf Soccer Club,Monterey Surf Soccer Club Monterey Surf G12 Pre-Academy,3,San Juan South Soccer Club,San Juan South Soccer Club San Juan South SC 2012 Elite,1,,U11,Female,u11 F Ghosts,,,
8994395,101 / 3rd Place,2,10/30/2022, 2:30PM, 3:35PM,Morgan Hill Outdoor Sports Complex (No Dogs),CA,S3-9,Pacifica United Soccer Club,Pacifica United Soccer Club MYSL Pacifica United SC B2011 Blue,3,Scotts Valley San Lorenzo Valley Youth Soccer Club,Scotts Valley San Lorenzo Valley Youth Soccer Club Valley United 11B,4,,U12,Male,u12 M Corpses,,,
8994480,174,2,10/30/2022, 3:00PM, 4:00PM,Morgan Hill Outdoor Sports Complex (No Dogs),CA,S1-7,Santa Cruz County Breakers,Santa Cruz County Breakers 2013G Gray,1,San Juan South Soccer Club,San Juan South Soccer Club San Juan South SC 2013 Elite,3,,U10,Female,u10 F Zombies,,,
9121399,270 / Final,2,10/30/2022, 3:00PM, 4:00PM,Morgan Hill Outdoor Sports Complex (No Dogs),CA,S2-7,Almaden FC,Almaden FC Almaden FC Mercury B14 Yellow,6,Santa Cruz Mid-County Youth Soccer Club,Santa Cruz Mid-County Youth Soccer Club SURF 14B,0,,U09,Male,u9 M Mutants,,,
8994710,236 / Consolation,2,10/30/2022, 3:30PM, 4:45PM,Morgan Hill Outdoor Sports Complex (No Dogs),CA,Football Turf,Merced United FC,Merced United FC Merced United FC 10G Barrios,3,1974 Newark FC,1974 Newark FC 1974 NFC 10G Orange,0,,U13,Female,u13 F Black widows,,,
8994473,167 / Final,2,10/30/2022, 3:30PM, 4:45PM,Morgan Hill Outdoor Sports Complex (No Dogs),CA,Soccer Turf,Madera United Futbol Club,Madera United Futbol Club Madera United FC 08B Rivera,0,OV Toros FC,OV Toros FC OV Toros FC 2008B Black,2,,U15,Male,u15 M Grave Diggers,,,
8994451,145,2,10/30/2022, 3:30PM, 4:45PM,Morgan Hill Outdoor Sports Complex (No Dogs),CA,N2-11,OV Toros FC,OV Toros FC OV Toros FC 2010B Black,3,Almaden FC,Almaden FC Almaden FC Mercury B10 Black,0,,U13,Male,u13 M Nightwalkers,,,
8994464,158,2,10/30/2022, 3:30PM, 4:45PM,Morgan Hill Outdoor Sports Complex (No Dogs),CA,S9-11,OV Toros FC,OV Toros FC OV Toros FC 2009B Black,1,Santa Cruz City Soccer Club,Santa Cruz City Soccer Club SANTA CRUZ SHARKS 09 WHITE,2,,U14,Male,u14 M Devils,,,
8994726,252,2,10/30/2022, 3:30PM, 4:45PM,Morgan Hill Outdoor Sports Complex (No Dogs),CA,N3-11,Manteca Area Soccer League,Manteca Area Soccer League Manteca Area Soccer Manteca Rangers 08G Blue,0,FRESNO HEAT FC,FRESNO HEAT FC FRESNO HEAT FC GIRLS 08,6,,U15,Female,u15 F Spirits,,,
8994736,262,2,10/30/2022, 3:30PM, 4:45PM,Morgan Hill Outdoor Sports Complex (No Dogs),CA,N1-11,Hollister Tremors,Hollister Tremors Hollister Tremors 08G,4,Central Valley San Jose SC,Central Valley San Jose SC CVSJ 07G SJ Thorns,0,,U16,Female,u16 F Jack-o-lanterns,,,
8994416,122,2,10/30/2022, 3:35PM, 4:40PM,Morgan Hill Outdoor Sports Complex (No Dogs),CA,S6-9,Soccer Club of Los Gatos,Soccer Club of Los Gatos 11B Academy White,1,Real Salinas,Real Salinas Pumitas 11,3,,U12,Male,u12 M Creepers,,,
8994373,79,2,10/30/2022, 3:35PM, 4:40PM,Morgan Hill Outdoor Sports Complex (No Dogs),CA,S7-9,OV Toros FC,OV Toros FC OV Toros FC 2012B Red,5,Santa Clara Youth Soccer League,Santa Clara Youth Soccer League SC LIONS 2012B WHITE,1,,U11,Male,u11 M Skeletons,,,
8994417,123,2,10/30/2022, 3:35PM, 4:40PM,Morgan Hill Outdoor Sports Complex (No Dogs),CA,S5-9,OV Toros FC,OV Toros FC OV Toros FC 2011B Black,0,,Aguilas,2,,U12,Male,u12 M Creepers,,,
8994372,78,2,10/30/2022, 3:35PM, 4:40PM,Morgan Hill Outdoor Sports Complex (No Dogs),CA,S8-9,De Anza Force SC,De Anza Force SC Force 12B Black,1,Almaden FC,Almaden FC Almaden FC Mercury 12B White,3,,U11,Male,u11 M Skeletons,,,
8994677,203,2,10/30/2022, 3:35PM, 4:40PM,Morgan Hill Outdoor Sports Complex (No Dogs),CA,S4-9,Pacifica United Soccer Club,Pacifica United Soccer Club MYSL Pacifica United SC G2011 Blue,0,Infinity Sports Club,Infinity Sports Club 2011G Infinity,1,,U12,Female,u12 F Poltergeists,,,
8994396,102 / Final,2,10/30/2022, 3:35PM, 4:40PM,Morgan Hill Outdoor Sports Complex (No Dogs),CA,S3-9,OV Toros FC,OV Toros FC OV Toros FC 2011B Red2,1,Pajaro Valley Youth Soccer Club,Pajaro Valley Youth Soccer Club Pajaro Valley YSC PV United 11B,2,,U12,Male,u12 M Corpses,,,
9077104,269 / Final,2,10/30/2022, 4:40PM, 5:40PM,Morgan Hill Outdoor Sports Complex (No Dogs),CA,S3-9,OV Toros FC,OV Toros FC OV Toros FC 2012B Black,1,Santa Cruz Mid-County Youth Soccer Club,Santa Cruz Mid-County Youth Soccer Club SURF 12B Purple,5,,U11,Male,u11 M Vampires,,,
8994442,136 / Consolation,2,10/30/2022, 4:45PM, 6:00PM,Morgan Hill Outdoor Sports Complex (No Dogs),CA,N1-11,OV Toros FC,OV Toros FC OV Toros FC 2010B White,0,Almaden FC,Almaden FC Almaden FC Mercury B10 Yellow,0,,U13,Male,u13 M Monsters,,,
8994450,144,2,10/30/2022, 4:45PM, 6:00PM,Morgan Hill Outdoor Sports Complex (No Dogs),CA,S9-11,Central Valley San Jose SC,Central Valley San Jose SC CVSJ 10B Ducks,1,Santa Cruz City Soccer Club,Santa Cruz City Soccer Club SANTA CRUZ SHARKS 10 BLUE,3,,U13,Male,u13 M Nightwalkers,,,
8994441,135 / Final,2,10/30/2022, 4:45PM, 6:00PM,Morgan Hill Outdoor Sports Complex (No Dogs),CA,Soccer Turf,Hollister Tremors,Hollister Tremors Hollister Tremors 2010B,,Silicon Valley Eagles Youth Soccer,Silicon Valley Eagles Youth Soccer Silicon Valley Eagles 10B PSG IV,,,U13,Male,u13 M Monsters,,,
